Timestamp,Ax,Ay,Az,P,Q,R,Phi,Theta,Psi,PosX,PosY,PosZ
1029,-inf,-inf,-inf,-inf,-inf,-inf,-inf,-inf,-inf,0,0,0
1043,20.3051,-7.44345,-2.77919,-0.0036298,-0.0126759,-0.00824297,0.205221,0.194825,-9.31323e-10,0,0,0
1061,16.6794,18.2041,0.537004,-0.0129827,0.0221915,0.0229902,0.270489,0.0187048,-4.36557e-11,0,0,0
1075,-9.1634,13.1873,-4.42776,0.00839781,0.0125702,0.0174865,0.116418,-0.0493818,1.81899e-12,0,0,0
1093,0.0747172,-2.97479,1.30894,-0.0207568,0.0108829,-0.0099815,0.312903,-0.0671769,1.45519e-11,0,0,0
1107,10.101,-23.4331,-0.636038,-0.0121566,0.00960622,-0.0299037,0.384399,-0.0284997,0,0,0,0
1124,5.18667,-24.5801,-5.99175,-0.00236548,-0.0179199,0.00580241,0.519901,0.0731677,-9.09495e-13,0,0,0
1140,12.9248,-2.62303,-16.5621,-0.0121353,-0.0284756,-0.0204573,0.502508,0.11821,-2.91038e-11,0,0,0
1159,14.6324,4.11609,-0.10016,0.0217525,0.0272328,-0.00857827,0.42034,0.133818,0,0,0,0
1173,10.6714,13.1404,-24.6705,-0.0154926,-0.0134869,0.0122859,0.377195,0.145277,0,0,0,0
1190,2.23159,-3.46664,-18.3154,-0.00415693,-0.01127,0.00635171,0.240447,0.152629,3.63798e-12,0,0,0
1204,-8.25317,5.10003,-11.2913,-0.0111404,0.00329275,0.0052779,0.211977,0.12227,0,0,0,0
1222,-0.399239,3.91365,-9.41937,-0.0190082,-0.00151279,0.00133848,0.0969917,0.0667718,-3.63798e-12,0,0,0
1237,5.59608,7.60929,-2.09268,0.0055521,-0.0186446,0.00770943,0.0424293,0.0879038,5.45697e-12,0,0,0
1254,-8.27945,4.9941,-14.8018,0.00599162,0.0132164,0.0103033,-0.0327642,0.0665626,9.09495e-13,0,0,0
1268,-17.1756,0.815286,-11.6536,0.00789839,0.0132024,-0.00712447,-0.0333992,0.0294344,-1.45519e-11,0,0,0
1286,3.11693,-1.87616,12.7751,0.0097587,0.0549899,-0.00861472,0.100253,0.0318964,1.45519e-11,0,0,0
1301,-13.8959,-2.36484,-5.5255,-0.0068688,-0.000281699,-0.0387848,0.109952,-0.0068088,5.82077e-11,0,0,0
1319,-3.29241,16.7778,5.00893,0.0294758,-0.0291026,0.00720743,0.0346908,-0.00993627,-7.27596e-12,0,0,0
1333,13.2094,5.00956,-9.61433,-0.0555913,0.00119919,0.0217546,0.0191856,0.0159668,1.45519e-11,0,0,0
1351,-0.730684,-2.46702,-13.2034,0.0130884,-0.0256376,-0.00852497,0.050831,0.0373441,0,0,0,0
1367,-8.78307,-5.90327,-6.849,-0.0136541,0.0285915,-0.00956238,0.0707584,0.0167692,0,0,0,0
1387,-5.0666,-5.91829,-15.0716,0.00453993,-0.0297936,-0.00247494,0.060827,-0.00277311,-7.27596e-12,0,0,0
1401,-7.6964,-11.3736,-3.43932,0.00809429,0.0325677,0.00778495,0.0937456,-0.0152781,7.27596e-12,0,0,0
1415,2.28213,-2.04646,-1.76562,0.00722285,-0.00496439,0.0102354,0.115618,0.00200415,7.27596e-12,0,0,0
1432,5.68858,-3.24783,-0.833753,0.00870565,0.00536393,0.00815662,0.135357,0.0332006,7.27596e-12,0,0,0
1447,-16.0341,18.9794,1.9655,-0.00229589,-0.0188837,-0.0129475,0.0869857,0.0162394,2.91038e-11,0,0,0
1461,13.0808,-3.11495,-16.1936,0.0125772,-0.00561217,0.01761,0.0904572,0.0308426,1.45519e-11,0,0,0
1479,-24.9254,2.30878,1.16469,0.00993643,-0.0031472,-0.0128133,0.0979851,0.00458961,-1.45519e-11,0,0,0
1495,-19.4805,11.7377,-3.44026,-0.00216166,0.0182539,-0.0147729,0.0636367,-0.0165019,-1.45519e-11,0,0,0
1510,-5.16215,12.3818,10.8985,0.0220097,-0.0309327,-0.00207515,0.00161884,-0.0298439,7.27596e-12,0,0,0
1525,-8.43014,10.9883,-3.69602,-0.0119528,-0.00914883,0.00613402,-0.0293299,-0.041404,0,0,0,0
1545,12.3271,-0.37787,4.46068,-0.0317911,0.00574509,-0.0114709,0.0232615,0.0059479,0,0,0,0
1561,4.12678,4.88421,-2.86134,-0.00570829,-0.0213147,-0.0139719,-0.00403224,0.0161963,0,0,0,0
1576,-10.1853,-4.00895,-8.45944,0.00214994,-0.0374419,-0.0130464,0.00286339,-0.000486465,0,0,0,0
1591,-4.46914,3.0857,8.56163,-0.0178795,-0.00685406,0.0165485,-0.0626334,-0.00775838,2.91038e-11,0,0,0
1612,-22.6717,-8.77726,-6.91363,0.0137861,-0.00473514,-0.0134008,-0.0241129,-0.0343131,-1.45519e-11,0,0,0
1628,-12.8122,1.88699,14.6358,0.00476498,0.0087231,-0.00343294,-0.0942915,-0.0460203,-1.81899e-12,0,0,0
1645,0.0229839,15.9029,-8.89789,-0.0171498,0.0284142,0.000973991,-0.118254,-0.0449635,9.09495e-13,0,0,0
1666,-19.4842,7.77725,-0.289671,-0.0149929,0.0213897,-0.00793142,-0.140301,-0.0395906,0,0,0,0
1683,-15.9313,-0.487289,-22.1997,0.00388771,0.0103915,-0.00616182,-0.138977,-0.0493546,0,0,0,0
1699,-5.23359,-3.66585,-8.8472,-0.000769376,0.00218555,-0.0216049,-0.129562,-0.057738,0,0,0,0
1717,-9.35679,2.49193,-10.5171,-0.0056537,-0.0239256,-0.0160153,-0.0969202,-0.0716796,0,0,0,0
1733,-0.502304,-15.656,-16.6715,0.0209661,0.0185967,-0.00257937,-0.078771,-0.0708643,0,0,0,0
1754,17.8919,17.9891,-26.1984,-0.00696001,0.0158919,-0.0164585,-0.0431759,-0.043187,1.45519e-11,0,0,0
1769,-1.15717,-6.81593,-9.7203,-0.0108296,-0.000456775,0.0197149,-0.0287833,-0.043305,0,0,0,0
1789,-6.63789,-2.94911,5.70379,0.00503752,-0.00232473,0.013177,0.0554057,-0.0379066,2.91038e-11,0,0,0
1805,1.91914,-17.4312,-10.7084,0.0154585,-0.00481631,0.00364471,0.0770744,-0.0362137,3.63798e-12,0,0,0
1827,-0.626755,-15.0822,-6.74021,-0.0163541,0.0152932,0.0187662,0.109421,-0.0292882,-2.91038e-11,0,0,0
1843,-21.7574,4.47084,-13.0113,0.00078144,-0.0170423,0.0177175,0.102351,-0.0428837,-2.91038e-11,0,0,0
1860,-0.349276,2.45662,20.6463,0.00995922,0.012162,-0.0177993,0.0359428,-0.0420372,0,0,0,0
1878,1.37649,-8.55189,-14.3118,-0.0113464,0.0115788,-0.00976427,0.0464481,-0.0469311,-1.45519e-11,0,0,0
1893,28.9019,-15.9539,7.89702,0.000162158,-0.0121828,0.00548759,0.0897481,-0.0334116,7.27596e-12,0,0,0
1910,-8.38881,-11.9626,12.6591,-0.00181694,0.00593639,0.010296,0.139692,-0.0389149,-1.45519e-11,0,0,0
1927,7.43971,-5.91445,-14.43,-0.021694,0.0192077,-0.0134076,0.11527,-0.0326815,0,0,0,0
1944,1.57991,5.23892,1.27934,0.00203321,0.000877294,0.0161,0.0753939,-0.0289339,1.45519e-11,0,0,0
1965,3.83405,-1.14017,8.84876,-0.0201675,-0.0109663,-0.0152322,0.105397,-0.027903,1.45519e-11,0,0,0
1982,3.66302,10.0239,-10.0269,-0.035923,0.006213,-0.0199439,0.0870056,-0.0241596,0,0,0,0
1998,6.40425,12.1578,3.71891,-0.0187155,-0.00316847,-0.00347286,0.0457979,-0.0181982,3.63798e-12,0,0,0
2016,-1.35636,-12.2638,-10.5777,-0.0138301,0.00588456,-0.0175545,0.104335,-0.0217339,0,0,0,0
2034,-8.29316,-0.0310534,-14.0294,0.0140032,-0.0185611,0.0134808,0.104134,-0.0281344,1.45519e-11,0,0,0
2051,4.01498,5.20812,4.38128,0.00620668,-0.0014902,-0.00786251,0.0547951,-0.0214548,0,0,0,0
2071,0.0264958,3.41899,2.45452,0.00243977,-0.0320463,-0.00402989,-0.0105246,-0.027024,-3.63798e-12,0,0,0
2088,11.5301,-6.42422,-10.9339,-0.0185945,0.0130833,-0.00738595,0.000342587,-0.018435,-7.27596e-12,0,0,0
2107,1.60645,-1.14711,-17.0127,-0.00138701,0.0322992,0.00366757,0.000471771,-0.0165594,0,0,0,0
2125,-3.94701,-4.14407,-7.76318,0.00857577,-0.026549,0.0212216,0.0161469,-0.0202312,0,0,0,0
2142,1.48729,-1.12043,-20.691,-0.023307,0.0265611,-0.0299219,0.0201172,-0.0194749,5.82077e-11,0,0,0
2166,-0.233332,-2.35707,5.45534,-0.0160135,-0.00844611,-0.0148487,0.0861937,-0.0292884,2.91038e-11,0,0,0
2185,10.3787,-0.700758,7.98591,0.0105918,0.0215146,0.00440067,0.148589,-0.0188685,0,0,0,0
2204,3.57356,2.34885,-4.68903,-0.00445092,-0.0208091,0.0167873,0.138752,-0.0130611,-2.91038e-11,0,0,0
2222,2.9522,0.461286,-2.23409,0.0273795,0.0049594,0.00939704,0.132991,-0.00346115,1.45519e-11,0,0,0
2244,-10.0221,-1.19883,-23.6055,0.00644494,0.0022544,0.0216715,0.129839,-0.00408869,0,0,0,0
2265,-9.07481,1.21421,-3.96658,0.00834894,-0.0100808,0.0482149,0.126426,-0.0181713,-5.82077e-11,0,0,0
2310,2.58213,3.93407,9.12468,0.0308065,-0.00869719,-0.0255359,0.0658635,-0.0145314,5.82077e-11,0,0,0
2359,-4.64933,3.06931,-6.13458,-0.00527641,0.00699916,-0.0136696,0.0140131,-0.0178853,0,0,0,0
2421,1.38792,-0.338745,-4.71383,-0.0208813,-0.00743075,0.0212956,0.0050952,-0.0275146,0,0,0,0
2482,-9.39755,6.82951,-20.1389,-0.0152016,-0.00896074,-0.0133043,-0.0130122,-0.0062063,-1.45519e-11,0,0,0
2545,28.728,0.661345,-8.93036,-0.00493593,-0.0228328,0.00239282,-0.00511101,0.00072276,1.81899e-12,0,0,0
2606,-0.308818,-2.10979,-1.80529,-0.00392433,-0.00714045,-0.0206522,0.00770906,-0.00177624,0,0,0,0
2668,2.15664,-7.54388,-13.956,0.0495475,0.0023302,-0.0268019,-0.0219573,0.0120069,2.91038e-11,0,0,0
2723,3.05041,9.66858,8.61808,0.00140093,0.0113383,-0.00664592,-0.104443,0.00966586,-1.45519e-11,0,0,0
2789,1.2966,10.9266,0.106323,0.00694548,-0.0139248,0.0402234,-0.170621,0.00605527,-5.82077e-11,0,0,0
2843,1.08294,-8.59528,-7.82997,-0.011336,0.0208053,0.0336769,-0.175056,0.0292488,0,0,0,0
2902,7.02498,-10.9031,-3.87408,-0.0108708,-0.00676725,-0.0172666,-0.194372,0.0208384,-2.91038e-11,0,0,0
2955,-5.20224,-12.7177,-14.8535,-0.00108815,0.0211004,-0.00681161,-0.199323,0.0179577,0,0,0,0
3009,19.5839,-0.636156,-8.22538,0.0154981,-0.016886,0.00965459,-0.14352,0.0267104,0,0,0,0
3059,-8.45583,-7.6173,6.53193,-0.02302,-0.011702,0.00530906,-0.0691973,0.016882,1.45519e-11,0,0,0
3110,9.41783,-1.63552,-4.22669,-0.0018226,-0.0223343,0.0103392,-0.0577481,0.0220928,0,0,0,0
3164,-8.40596,11.79,-15.5589,0.0173165,0.0122002,0.0188054,-0.0706263,0.00808535,-5.82077e-11,0,0,0
3220,-11.4973,7.39121,0.671853,0.0356484,0.0196264,-0.0015314,-0.0951891,0.00855519,0,0,0,0
3268,14.0185,0.840655,10.1213,-0.00782013,0.0121541,0.0164534,-0.165593,0.018529,-5.82077e-11,0,0,0
3334,7.67312,-17.3354,-3.37184,0.0157678,-0.0121812,-9.11146e-05,-0.145202,0.0244505,0,-13.0369,-0.164773,-4.23772
3406,-8.68706,0.881137,6.30006,-0.027249,-0.000171571,-0.00255839,-0.217778,0.00358962,0,0,0,0
3486,-8.70543,-7.53765,-13.2216,-0.0208731,5.76558e-05,0.0110338,-0.181578,-0.00776618,0,0,0,0
3533,-7.61651,-12.681,6.69518,0.0086432,0.0088995,-0.0108562,-0.099852,-0.0171024,0,0,0,0
3590,-13.8218,-8.44276,7.10892,0.0149105,-0.00221432,-0.00246874,-0.0684324,-0.0326746,0,-13.0402,-0.164516,-5.0634
3643,-8.32907,0.709628,-5.12994,0.037239,-0.0331761,-0.0156252,-0.0858354,-0.0324866,0,0,0,0
3695,4.525,3.36183,-16.4171,0.0208661,0.00284065,0.038546,-0.0903615,-0.0400325,2.91038e-11,0,0,0
3747,-4.09399,14.2601,1.7959,-0.0142041,-0.0186571,-0.00250794,-0.101371,-0.0379528,7.27596e-12,0,0,0
3787,-7.20874,-4.40129,5.17874,-0.00753538,-0.0140306,0.0147611,-0.0383387,-0.0387639,0,0,0,0
3838,-11.0929,-0.391368,5.06497,-0.0116403,0.0096172,0.0138148,0.0469948,-0.0563827,0,0,0,0
3890,-0.952395,5.84796,-4.1865,0.0244891,-0.0141952,-0.034956,0.040898,-0.0558308,-1.16415e-10,0,0,0
3955,-0.0881524,-6.86367,1.89552,0.0191723,-0.00501857,0.00722085,0.0660677,-0.0610272,0,-13.0958,-0.138445,-5.56639
4015,9.58839,7.55428,-11.7849,0.0163359,0.00850364,0.00778357,0.0463847,-0.0590659,0,-12.9956,-0.141627,-5.55039
4078,5.13524,-16.0343,-17.4522,0.00647072,0.0158311,-0.0334613,0.0847717,-0.0541736,0,0,0,0
4125,6.27956,8.96224,-26.3114,0.0143837,0.0189041,0.0334275,0.073268,-0.0428233,0,0,0,0
4182,1.37265,-0.78128,-12.9452,-0.00482087,0.00457516,0.00612949,0.0557829,-0.0465959,3.63798e-12,0,0,0
4235,-12.951,-6.74693,-14.8482,-0.00737436,0.00613309,0.0150793,0.0577101,-0.0460484,-1.45519e-11,0,0,0
4296,6.85693,-15.2761,-9.08557,0.00794066,0.0137155,-0.000317652,0.146756,-0.0412778,-3.63798e-12,0,0,0
4351,2.33544,0.0394964,-2.08725,-0.0126012,0.0153703,-0.0225747,0.169501,-0.0354876,0,-12.9409,-0.110345,-5.28433
4425,12.6934,0.156077,-0.837637,0.00725748,-0.0061775,0.0167851,0.169303,-0.0113751,-2.91038e-11,0,0,0
4488,6.95276,-0.587432,-23.8592,-0.0283308,-0.00985634,-0.0655446,0.184163,0.00335222,1.16415e-10,-12.5679,-0.0783938,-4.7959
4549,-10.0394,17.6038,3.55711,0.00214884,0.0104717,0.0192661,0.1213,0.00211208,2.91038e-11,0,0,0
4597,21.4372,1.27064,-11.7744,0.00835242,-0.0175501,-0.0194014,0.0978879,0.0405905,0,0,0,0
4646,0.58816,16.5779,-16.0013,-0.0194113,-0.0143627,0.0108087,0.0795608,0.0392266,-2.91038e-11,0,0,0
4707,-0.220893,1.35323,-9.27246,-0.009854,0.00877167,-0.0258997,0.0746314,0.0429496,-2.91038e-11,0,0,0
4768,-13.3438,-11.7141,-25.1659,0.0125126,-0.00185395,0.005706,0.118037,0.0402823,0,0,0,0
4823,0.176754,14.3148,13.6527,0.0262779,0.00680554,0.00422782,0.0851011,0.0423438,1.45519e-11,-12.9072,-0.124833,-4.2874
4892,-4.40208,6.55121,-18.2452,0.000979456,-0.0337195,0.00339363,0.022519,0.0343279,0,0,0,0
4951,10.0843,-22.5583,-10.4524,0.0102288,-0.0186086,0.0148112,0.0438717,0.0313213,0,0,0,0
5010,-2.94057,-6.73903,4.32124,-0.000163319,-0.0310619,-0.000804696,0.0501331,0.0219541,1.81899e-12,0,0,0
5061,-0.499589,-1.76516,-4.44117,-0.0194954,-0.0112068,0.0242917,0.108396,0.0205784,2.91038e-11,0,0,0
5110,-7.26481,-3.54243,-3.88563,-0.00452486,-0.00538676,0.013845,0.13498,0.0117582,-5.82077e-11,0,0,0
5161,-1.69376,-10.6965,4.46014,-1.36792,-1.36547,-0.0419021,-0.048304,-0.0346853,-1.36424e-12,0,0,0
5231,-7.51281,-22.8064,-16.3048,-1.96297,-1.94197,-0.322238,-0.23719,-0.20604,1.16415e-10,0,0,0
5282,14.2822,-0.881948,15.1965,-1.08229,-1.01292,-0.377459,-0.358474,-0.296312,8.73115e-11,0,0,0
5354,7.79022,-9.3049,-5.49323,-1.20726,-1.16932,-0.560963,-0.463044,-0.400632,-2.91038e-11,0,0,0
5407,7.79022,-9.3049,-5.49323,-1.20726,-1.16932,-0.560963,-0.463044,-0.400632,-2.91038e-11,0,0,0
5467,7.79022,-9.3049,-5.49323,-1.20726,-1.16932,-0.560963,-0.463044,-0.400632,-2.91038e-11,-12.9151,2.22239,-5.18205
5526,2.7803,-3.68561,-5.89734,-9.70883,-8.52561,-4.69094,-0.666274,-0.772541,-1.16415e-10,0,0,0
5651,-2.33986,11.6856,-2.81863,2.75764,1.55606,1.33825,-0.666932,-0.719224,0,0,0,0
5719,5.07749,-15.4818,-26.0855,3.63287,2.64807,1.02188,-0.290707,-0.40649,-1.16415e-10,0,0,0
5797,-10.2794,-7.60769,-8.57133,2.61648,2.49496,0.26033,-0.0620759,-0.198604,0,0,0,0
5862,-7.532,-4.01724,-13.5979,1.33481,1.9706,-0.186754,0.114711,0.00527556,-7.27596e-12,0,0,0
5926,12.5574,-8.86809,-19.9507,0.198665,0.995236,-0.169314,0.18177,0.123956,0,0,0,0
5990,-2.20807,-2.15492,-19.1209,-0.31215,0.460635,-0.0881775,0.192604,0.181337,0,0,0,0
6052,-0.0405838,15.6863,5.49224,-0.64519,-0.033524,0.0200001,0.175041,0.203501,1.45519e-11,0,0,0
6107,-9.49815,-1.34105,-22.6245,-0.816877,-0.450977,0.0524998,0.149106,0.194414,0,0,0,0
6168,3.33187,-5.25002,8.12206,-0.400854,-0.219344,0.0445728,0.123818,0.178335,0,0,0,0
6221,-12.7287,0.844432,-9.51092,-0.190052,-0.133642,0.010323,0.115188,0.166832,2.91038e-11,0,0,0
6284,-2.27171,-11.1656,-19.1484,0.137933,-0.0399929,-0.0230853,0.11443,0.15461,0,0,0,0
6363,7.92281,-0.0809196,-19.8179,0.384781,0.209009,-0.0342675,0.139325,0.162173,0,0,0,0
6436,-16.6064,1.31962,-17.4461,0.553334,0.371927,-0.0841278,0.172985,0.173073,-5.82077e-11,0,0,0
6491,-11.705,0.0929374,-11.4846,0.387573,0.215059,-0.0810115,0.190035,0.179269,0,0,0,0
6550,11.1271,-6.55611,-4.25791,0.453114,0.342596,-0.0647095,0.225307,0.204384,0,0,0,0
6614,-13.4426,9.53719,-14.0107,0.680339,0.610376,-0.125404,0.26636,0.230811,5.82077e-11,0,0,0
6673,-3.12346,6.71165,-14.7366,-0.0231052,-0.0210623,0.0299928,0.2745,0.229601,-5.82077e-11,0,0,0
6735,9.101,3.0962,-1.57431,0.520763,0.539641,-0.163554,0.306441,0.258698,5.68434e-14,0,0,0
6798,6.40368,-5.24463,-6.9625,-0.229985,-0.138116,0.0383423,0.305693,0.265323,2.91038e-11,0,0,0
6855,-1.12765,4.36513,-8.37627,-0.422768,-0.35953,0.107523,0.310554,0.263555,-2.91038e-11,0,0,0
6907,-14.3081,6.97691,-15.4686,-0.0318919,0.0218461,0.0108404,0.32785,0.278877,-2.91038e-11,0,0,0
6975,-17.6318,7.47892,-16.1135,0.246263,0.256115,-0.0999993,0.346636,0.286511,0,0,0,0
7038,0.650903,0.2616,0.87966,-0.66239,-0.620724,0.221146,0.321996,0.272513,1.36424e-12,0,0,0
7098,3.70477,3.64205,-26.4199,-0.194701,-0.205707,0.0832661,0.349227,0.29468,7.27596e-12,0,0,0
7162,8.71975,6.0576,-6.12954,0.203183,0.191042,-0.0764652,0.364138,0.3035,1.45519e-11,0,0,0
7219,22.452,4.16988,-6.13376,-1.07483,-0.998063,0.346848,0.33159,0.27154,-5.82077e-11,0,0,0
7285,-4.56378,-0.858887,4.14742,0.302421,0.3044,-0.112542,0.34644,0.286658,-1.45519e-11,0,0,0
7347,16.0511,4.66168,-3.47937,0.598608,0.54486,-0.199915,0.336409,0.283867,-2.91038e-11,0,0,0
7412,-10.8389,-9.37116,1.10336,-1.47657,-1.44687,0.469334,0.263639,0.210236,-5.82077e-11,0,0,0
7470,-13.2749,-2.45487,-1.44415,-0.899657,-0.868617,0.24047,0.232365,0.16635,2.91038e-11,0,0,0
7523,12.4926,-1.34143,-11.4396,0.477201,0.432727,-0.0833625,0.226938,0.159363,0,0,0,0
7596,13.8887,-1.90209,-7.71746,0.448032,0.368249,-0.0867959,0.209483,0.131132,1.45519e-11,0,0,0
7652,17.7764,-12.0212,-1.43244,-1.05749,-1.10932,0.24582,0.172923,0.0871296,-5.82077e-11,0,0,0
7703,-9.28887,-22.9132,-12.8021,-0.12004,-0.204718,0.0473632,0.184515,0.0970938,0,0,0,0
7764,12.3362,1.80794,-8.37197,1.09189,1.03582,-0.17813,0.202756,0.105453,1.45519e-11,0,0,0
7830,-12.4814,-4.00604,-3.11874,0.461955,0.434052,-0.112875,0.203634,0.0948409,5.82077e-11,0,0,0
7890,-10.0887,9.36572,-22.5054,-0.935478,-0.945766,0.177066,0.175281,0.0611749,0,0,0,0
7957,-5.65295,5.37422,-6.34954,-0.190171,-0.178562,0.0184554,0.1604,0.0450829,2.91038e-11,0,0,0
8019,-10.2076,-2.07736,9.30514,-0.0824752,-0.0681312,0.00909751,0.118463,0.0028189,0,0,0,0
8077,4.35968,-6.9909,-14.5336,-1.06928,-1.04373,0.118033,0.0841372,-0.0291462,0,0,0,0
8139,3.70503,-13.5132,-8.58949,-0.0662331,-0.0643946,-0.022257,0.0737243,-0.0360143,0,0,0,0
8192,-3.80691,9.42911,-18.803,-0.910551,-0.90655,0.104555,0.0454809,-0.0638366,5.82077e-11,0,0,0
8249,-2.86836,1.27467,-9.44466,0.218833,0.240391,-0.00380195,0.0368506,-0.0671797,1.45519e-11,0,0,0
8299,7.25094,8.15137,-3.98367,-0.580345,-0.653192,0.0112896,0.0149437,-0.0907179,-1.45519e-11,0,0,0
8355,-0.543292,-4.66887,10.3207,-0.0124938,-0.000298596,0.00267888,0.00913646,-0.102754,0,0,0,0
8408,-4.96503,2.27936,-1.07724,-0.877571,-0.903837,0.00176869,-0.0170186,-0.129557,1.45519e-11,0,0,0
8480,2.43,-7.06324,-21.1151,-0.399198,-0.364402,-0.0394151,-0.0393334,-0.154227,0,0,0,0
8543,-15.572,3.64049,-15.4723,-0.962196,-0.926501,-0.0377312,-0.0841353,-0.198999,5.82077e-11,0,0,0
8585,8.93464,5.78451,2.59698,-0.737542,-0.689222,-0.051773,-0.121748,-0.230529,0,0,0,0
8646,-1.1392,-23.3089,-14.8728,-0.329206,-0.324136,-0.0247974,-0.142246,-0.253715,0,0,0,0
8716,13.0893,-14.2904,-25.0484,-0.419288,-0.429428,-0.0767139,-0.191327,-0.30221,-2.91038e-11,0,0,0
8770,-9.1222,-2.48867,5.237,-0.494586,-0.486045,-0.116406,-0.209266,-0.323187,0,0,0,0
8825,-5.3457,-21.4279,-21.6526,-0.264562,-0.240546,-0.0600902,-0.228003,-0.334349,-7.27596e-12,0,0,0
8886,-6.16905,0.999896,-12.9313,-0.272309,-0.29666,-0.0557311,-0.239272,-0.347587,2.91038e-11,0,0,0
8981,-4.10786,-6.79844,-12.7423,-0.196886,-0.243571,-0.0719423,-0.257433,-0.362397,1.81899e-12,0,0,0
9057,5.97611,-8.7088,0.0889273,-0.362425,-0.34403,-0.10586,-0.265475,-0.363288,0,0,0,0
9109,12.2569,-14.3183,-10.368,-0.572321,-0.60574,-0.132451,-0.277599,-0.365398,5.82077e-11,0,0,0
9166,-28.7026,4.44079,-26.08,-0.499737,-0.484977,-0.143049,-0.293933,-0.374978,0,0,0,0
9229,7.30846,2.07898,3.44328,-0.597727,-0.630184,-0.209572,-0.306432,-0.36909,-1.45519e-11,0,0,0
9286,-28.6316,-7.74929,-14.579,-0.840337,-0.798817,-0.268254,-0.325325,-0.390373,7.27596e-12,0,0,0
9347,-4.47625,14.3843,2.54357,-0.299215,-0.304659,-0.0926854,-0.326268,-0.387657,0,0,0,0
9413,10.4362,3.55182,-28.5486,0.556069,0.488241,0.17601,-0.308877,-0.362923,0,0,0,0
9506,7.00875,8.38358,-12.811,-0.362604,-0.36163,-0.0965213,-0.303481,-0.345342,0,0,0,0
9589,-10.4339,1.94054,-8.18983,-0.97516,-0.95909,-0.247381,-0.292868,-0.336606,0,0,0,0
9673,-3.09392,11.2184,-6.87445,-1.07428,-0.987796,-0.300719,-0.277304,-0.313736,-1.16415e-10,0,0,0
9734,-10.2013,4.60799,-1.72053,0.798365,0.769797,0.251974,-0.293301,-0.326591,1.45519e-11,0,0,0
9793,-7.5545,-11.1073,-14.6101,0.311056,0.284354,0.139677,-0.330029,-0.353099,-1.16415e-10,0,0,0
9854,5.43184,8.28336,-17.4776,-0.189301,-0.173016,-0.0522674,-0.312301,-0.328064,0,0,0,0
9908,-5.9345,13.7163,-8.70314,0.932703,0.902087,0.266293,-0.284372,-0.301168,1.45519e-11,0,0,0
9961,-1.66341,-5.63366,-17.714,-1.43885,-1.33682,-0.411276,-0.35352,-0.364934,5.82077e-11,0,0,0
10050,-13.2709,24.5121,-13.3005,-0.278177,-0.29658,-0.130872,-0.362141,-0.372815,2.91038e-11,0,0,0
10118,-2.41284,-11.0589,-0.507114,2.40294,2.29144,0.66953,-0.24091,-0.249318,1.45519e-11,0,0,0
10166,-8.561,-1.09283,-18.8814,1.43658,1.42075,0.301358,-0.179805,-0.185785,1.45519e-11,0,0,0
10224,2.81037,-3.6445,-9.12257,0.264325,0.270664,0.0822136,-0.184869,-0.18831,-5.82077e-11,0,0,0
10280,-7.1303,20.9143,-21.3204,0.209974,0.230263,0.0638225,-0.20888,-0.210404,5.82077e-11,0,0,0
10336,-14.7853,-9.71242,-21.8879,1.00513,1.03458,0.211952,-0.181678,-0.18055,0,0,0,0
10388,-17.6223,9.77209,-16.0855,0.307757,0.37146,0.0505083,-0.190504,-0.18945,-2.91038e-11,0,0,0
10441,15.096,11.8828,-25.4553,1.0153,1.09811,0.182876,-0.176679,-0.168092,-5.82077e-11,0,0,0
10500,-7.80091,2.45407,-18.8585,-0.527342,-0.46044,-0.0429925,-0.170235,-0.158579,1.16415e-10,0,0,0
10565,-7.0884,-3.63722,0.0182714,1.15905,1.19808,0.162053,-0.131834,-0.121203,5.82077e-11,0,0,0
10645,-12.8916,10.4397,-15.6767,0.317665,0.340604,0.035641,-0.0855248,-0.081464,1.45519e-11,0,0,0
10703,0.0736462,2.73617,0.752521,1.29392,1.3204,0.0424284,-0.0145785,-0.0134477,-1.81899e-12,0,0,0
10763,-3.31451,8.92698,-4.64719,0.11403,0.103364,0.00689874,0.00669034,0.00511516,0,0,0,0
10826,-11.8646,-0.123435,-11.3203,0.708738,0.724022,0.0037104,0.0401438,0.0357183,0,0,0,0
10895,5.12557,-3.44292,2.58816,-0.191427,-0.253881,0.00534272,0.0467096,0.0417567,1.45519e-11,0,0,0
10957,21.6684,-17.7856,-22.3087,0.562084,0.556281,-0.0279447,0.0647285,0.0617187,0,0,0,0
11011,0.745616,14.0212,-0.898229,-0.103685,-0.0734508,0.029003,0.054529,0.0501202,0,0,0,0
11077,-1.64855,-1.09302,-7.98723,0.217021,0.250331,-0.0255104,0.0707945,0.0603432,0,0,0,0
11151,8.45939,1.82373,-7.22554,0.32163,0.282776,-0.0343266,0.103111,0.0908856,-7.27596e-12,0,0,0
11206,-5.67143,4.4686,-8.17643,0.537998,0.518598,-0.0237938,0.128689,0.112034,0,0,0,0
11271,-3.84095,5.56676,-5.06996,0.498536,0.507879,-0.049551,0.151331,0.131086,5.82077e-11,0,0,0
11328,-11.637,12.0251,-22.8907,0.491287,0.422571,-0.096838,0.179412,0.159103,0,0,0,0
11395,-0.123267,-7.40938,-11.4542,0.446815,0.45029,-0.119802,0.20859,0.186062,0,0,0,0
11459,14.823,-16.1851,-21.2924,0.470134,0.447695,-0.0738504,0.234255,0.203972,0,0,0,0
11517,-4.53706,-2.20268,-16.3944,0.173264,0.162807,-0.0358217,0.244782,0.213164,0,0,0,0
11581,1.09657,6.49979,10.2555,0.43119,0.448457,-0.132532,0.267644,0.233317,-1.45519e-11,0,0,0
11644,2.75969,-17.297,-4.31514,0.383353,0.342405,-0.116232,0.285021,0.248028,-2.91038e-11,0,0,0
11715,12.0407,17.418,-11.2657,0.318926,0.343492,-0.0961902,0.28872,0.251754,3.63798e-12,0,0,0
11778,0.609798,-9.70629,0.242798,0.635021,0.676667,-0.202322,0.299064,0.265182,0,0,0,0
11840,-8.17664,3.01062,-17.6545,-0.244531,-0.23967,0.0923225,0.298721,0.255717,0,0,0,0
11890,2.02079,-2.04599,-18.7336,0.776324,0.752012,-0.250155,0.333352,0.288184,1.16415e-10,0,0,0
11957,14.3773,6.90304,-6.41541,-0.049443,-0.0657245,0.0371747,0.36794,0.326583,1.45519e-11,0,0,0
12022,0.245445,-10.7089,-8.0923,0.00475441,0.0681023,-0.0338795,0.330631,0.280426,2.91038e-11,0,0,0
12083,18.5138,10.1357,-24.0012,0.315731,0.329441,-0.0983652,0.307805,0.264918,0,-11.2675,-0.773971,-5.5849
12147,-5.11667,-10.0693,-2.69215,0.16641,0.149884,-0.0317165,0.289699,0.240621,0,0,0,0
12205,15.7088,-7.36621,5.74763,0.517999,0.471872,-0.126403,0.284591,0.236246,1.45519e-11,0,0,0
12267,-15.7943,-13.3573,10.1203,0.416176,0.352679,-0.105945,0.274254,0.212382,0,0,0,0
12344,2.33314,8.32026,-5.75387,0.59362,0.515265,-0.139625,0.269607,0.194926,0,0,0,0
12404,-14.129,-12.1677,-10.4923,1.62824,1.53756,-0.403903,0.293931,0.21047,0,0,0,0
12458,1.11977,-10.3973,-13.037,-0.377895,-0.398365,0.154451,0.298052,0.208232,0,0,0,0
12523,9.1023,8.64319,-2.52803,0.604527,0.507588,-0.182066,0.329953,0.235283,5.82077e-11,0,0,0
12571,10.8414,9.38628,-17.4651,-1.19139,-1.14155,0.365919,0.298682,0.201185,0,0,0,0
12624,-11.2897,9.34822,-7.66918,-0.179749,-0.167161,0.0860985,0.275527,0.171055,5.82077e-11,0,0,0
12696,-4.4867,19.3236,-4.28814,-0.181323,-0.215406,0.0337563,0.213168,0.0995186,-1.45519e-11,0,0,0
12762,-12.6573,-7.89323,-16.6664,-0.0617905,-0.0789954,0.00604236,0.157463,0.0406787,0,0,0,0
12811,21.4012,-1.78066,-16.7069,-0.981245,-1.00886,0.166178,0.104955,-0.014072,-2.91038e-11,0,0,0
12862,-5.32106,-13.5957,-3.11706,-0.515797,-0.564316,0.0908854,0.112557,-0.0116272,-5.82077e-11,0,0,0
12915,-6.33254,1.54199,4.94467,0.884763,0.812438,-0.0788426,0.140601,0.00770346,0,0,0,0
12971,-8.94543,0.442352,-24.2215,-0.624733,-0.672624,0.0966641,0.126452,-0.0110803,0,0,0,0
13040,8.115,16.951,6.83627,0.244994,0.212507,-0.0263476,0.136971,-0.00426519,0,0,0,0
13092,-7.80116,-0.924248,-12.2293,-0.432828,-0.486684,0.0503084,0.119604,-0.0248285,5.82077e-11,0,0,0
13157,7.71032,3.89213,-22.4755,0.56524,0.554247,-0.0764238,0.188687,0.0363723,5.82077e-11,0,0,0
13208,-4.32206,-2.66933,-5.55345,-2.30673,-2.27551,0.299115,0.0867136,-0.0651005,2.91038e-11,0,0,0
13267,-15.0931,-11.5821,-13.5497,-0.525421,-0.508503,0.0324214,0.0175808,-0.138006,0,0,0,0
13319,7.49773,-1.34847,-28.2327,-1.03888,-1.07868,0.00644258,-0.0305382,-0.184917,2.91038e-11,0,0,0
13376,-0.494899,-15.8274,1.9698,-0.27502,-0.307763,-0.0103472,-0.0575969,-0.212057,-1.45519e-11,0,0,0
13430,-0.279361,-3.73596,-27.6199,0.11428,0.0844986,-0.0103664,-0.0769307,-0.227724,0,0,0,0
13505,2.89766,-11.6257,-18.3904,-0.0319527,0.0225307,-0.0146871,-0.0919186,-0.240427,-1.45519e-11,-13.0144,0.362641,-7.81617
13559,9.16231,15.1161,-5.29142,0.0208903,0.0172742,-0.00880801,-0.109869,-0.257651,-7.27596e-12,0,0,0
13615,-8.27135,5.87075,-17.1782,-0.504584,-0.495523,-0.0417409,-0.131398,-0.27981,2.91038e-11,0,0,0
13673,-4.88426,3.5573,2.7684,0.172374,0.193967,-0.00676189,-0.13263,-0.285138,-5.82077e-11,0,0,0
13737,-2.47449,-7.60578,-21.0047,-0.502703,-0.482045,-0.0677529,-0.154253,-0.305155,0,0,0,0
13796,-7.05824,-4.08461,-14.8788,-0.32894,-0.32874,-0.0611973,-0.173308,-0.325914,3.63798e-12,0,0,0
13858,12.1449,2.01937,-8.43108,-0.432014,-0.387387,-0.0683867,-0.19982,-0.347494,-5.82077e-11,0,0,0
13908,-7.5237,5.76105,-4.64776,-0.317853,-0.29507,-0.0678661,-0.213166,-0.36222,3.63798e-12,0,0,0
13956,7.32734,3.90946,0.0197411,-0.310577,-0.28733,-0.0751465,-0.229743,-0.371997,-1.45519e-11,0,0,0
14018,2.95184,5.34083,-7.43195,-0.497815,-0.478945,-0.0983867,-0.251449,-0.388763,0,0,0,0
14081,-9.42575,-13.3516,-7.42382,-0.613053,-0.593567,-0.144091,-0.271042,-0.40733,0,0,0,0
14136,-1.91418,4.0386,-25.0712,-0.438028,-0.44207,-0.149514,-0.278098,-0.411526,0,0,0,0
14191,-0.513809,7.47962,-0.653473,-0.553814,-0.621653,-0.175041,-0.291616,-0.425335,1.45519e-11,0,0,0
14249,11.1856,-8.95562,7.53862,-0.282338,-0.283038,-0.0954557,-0.294542,-0.420801,1.45519e-11,0,0,0
14301,-13.5553,-12.2958,-13.0864,0.330839,0.25479,0.0813046,-0.281938,-0.410378,-2.91038e-11,0,0,0
14364,-4.05168,9.36519,-10.6332,0.0959241,0.0631495,0.0243278,-0.290597,-0.415442,2.91038e-11,0,0,0
14430,-10.5613,3.13038,-11.7976,0.0528969,-0.015013,0.000748351,-0.304444,-0.430388,-5.82077e-11,0,0,0
14476,-2.14771,-1.41121,-14.2708,0.254072,0.186336,0.0770623,-0.324993,-0.448079,0,0,0,0
14552,-1.42242,0.747216,-16.4993,0.408136,0.346274,0.13278,-0.326397,-0.448097,0,0,0,0
14612,-1.22328,0.530188,-19.677,-1.38543,-1.29104,-0.474698,-0.373253,-0.499095,-7.27596e-12,0,0,0
14683,16.3439,-5.6292,-4.88062,-0.047693,-0.116311,-0.0421633,-0.371018,-0.492539,-1.45519e-11,0,0,0
14759,5.80864,3.23209,-20.0281,-0.256046,-0.267682,-0.095327,-0.318648,-0.433531,-1.45519e-11,0,0,0
14826,-15.4973,-13.2983,-4.87442,0.0204982,0.0102972,-0.0280732,-0.245017,-0.360694,-5.82077e-11,0,0,0
14910,-8.62053,10.7037,2.08908,-0.660185,-0.611155,-0.141589,-0.229529,-0.344788,1.45519e-11,0,0,0
14987,-5.59273,9.69957,-18.5941,-1.15001,-1.04904,-0.212484,-0.22934,-0.323737,1.81899e-12,0,0,0
15053,1.7363,-13.8886,-8.54138,1.09878,1.19299,0.298481,-0.198394,-0.286847,5.82077e-11,0,0,0
15112,1.40105,8.98565,1.3262,0.910358,0.991864,0.248497,-0.200826,-0.283096,5.82077e-11,0,0,0
15163,-5.81475,-1.54323,-12.5532,1.53719,1.56991,0.282504,-0.138018,-0.215266,2.91038e-11,0,0,0
15215,2.32791,4.88531,-40.4049,2.02102,2.05699,0.195725,-0.0438858,-0.115889,-1.45519e-11,0,0,0
15275,2.95251,-5.57184,-35.5018,2.42951,2.4672,-0.105466,0.100031,0.02929,2.91038e-11,0,0,0
15323,-8.76974,-8.1339,-11.3074,2.04805,2.06546,-0.283691,0.175276,0.103569,-2.91038e-11,0,0,0
15368,23.7716,-1.3928,-1.3437,1.45474,1.42728,-0.340385,0.264455,0.19662,0,0,0,0
15429,5.42364,1.87986,-5.77632,0.92564,0.906958,-0.266456,0.317458,0.249267,0,0,0,0
15475,-2.36593,2.42474,5.96975,0.479,0.51515,-0.184896,0.348385,0.284165,5.82077e-11,0,0,0
15532,-4.93031,15.2847,-3.68582,-0.217728,-0.101459,0.0655476,0.345774,0.282792,0,0,0,0
15609,1.42482,8.62836,-11.3445,-0.564149,-0.476151,0.148754,0.321397,0.259224,0,0,0,0
15666,-2.19867,-0.343669,-21.9946,-0.847601,-0.768608,0.18866,0.261798,0.208965,5.82077e-11,0,0,0
15732,7.85808,5.69871,-28.2799,-0.806926,-0.731883,0.182855,0.214981,0.164451,-3.63798e-12,0,0,0
15785,-9.32434,9.5234,2.27689,-0.747524,-0.723346,0.140943,0.174274,0.119227,4.54747e-13,0,0,0
15848,-20.5676,-4.33782,0.940307,-0.55117,-0.626267,0.0625384,0.126401,0.0681166,-2.91038e-11,0,0,0
15903,-3.38671,4.65166,-14.7037,-0.590729,-0.665772,0.0884072,0.09895,0.0360824,0,0,0,0
15964,17.7557,-0.723781,-19.6606,-0.412458,-0.484001,0.0348518,0.071515,0.00674272,3.63798e-12,0,0,0
16021,7.39242,-3.56953,-10.5162,-0.279483,-0.357732,0.0064811,0.0536685,-0.0184403,0,0,0,0
16076,-14.7846,-17.3576,-18.5117,-0.204377,-0.278616,0.0120428,0.0427821,-0.0354237,2.91038e-11,0,0,0
16135,-15.1738,7.94161,-8.63152,-0.132396,-0.17636,0.00981153,0.03898,-0.0466518,0,0,0,0
16186,1.5757,6.2489,-11.2311,-0.10496,-0.183557,-0.00664264,0.0341141,-0.0546239,-5.82077e-11,0,0,0
16262,-19.2022,-21.1985,-20.0677,-0.0607624,-0.0362444,-0.0206873,0.0316515,-0.0586617,0,0,0,0
16313,11.836,6.24786,0.169651,-0.069822,-0.0623114,0.0250074,0.0280375,-0.0581938,-5.82077e-11,0,0,0
16376,5.1976,4.47531,-12.451,-0.0642829,-0.0895474,-0.00820127,0.0234057,-0.0570636,0,0,0,0
16439,21.203,-4.87206,-13.6103,-0.0519307,-0.0254032,-0.00578976,0.0210892,-0.0556944,0,0,0,0
16502,0.0892294,2.52596,-10.9162,0.0113104,0.00750597,-0.00241123,0.0198473,-0.0594944,-1.81899e-12,-13.1823,-0.171397,-5.59885
16552,5.77489,16.3716,-6.33863,-0.0452423,-0.0233471,-0.0194043,0.0183389,-0.0572791,5.82077e-11,0,0,0
16627,-7.89884,-4.73771,-5.36649,-0.0631562,-0.0026639,-0.0153652,0.0169354,-0.0594249,0,0,0,0
16684,17.573,2.16736,-7.60199,-0.00872367,0.0102198,0.0229085,0.0158356,-0.0527098,-5.82077e-11,0,0,0
16751,-10.337,-3.01182,-10.3828,-0.0428122,-0.00998796,-0.0065894,0.015083,-0.0574526,1.45519e-11,-12.8494,-0.118925,-5.47153
16809,6.87782,-0.629798,1.20409,-0.0236872,0.00399787,0.00670763,0.0143168,-0.0489212,1.45519e-11,0,0,0
16875,1.92448,-3.44067,-17.741,-0.0133347,-0.00265573,-0.00749357,0.0142793,-0.0499983,1.45519e-11,0,0,0
16931,27.215,-11.271,-0.444295,-0.00638851,-0.00838169,-0.0165337,0.0144306,-0.0467869,5.82077e-11,0,0,0
16978,4.31891,-8.97947,-9.62975,0.0272311,0.013304,-0.015272,0.0146303,-0.0457755,0,0,0,0
17029,0.699085,10.7074,2.27443,0.0344466,0.00891355,0.00583697,0.0153198,-0.0461482,0,0,0,0
17094,4.38676,-2.56777,-7.648,-0.0199077,-2.84814,-0.0203736,0.0120932,-0.0847998,1.16415e-10,0,0,0
17150,-12.2906,-3.74213,-11.3384,0.0231597,-1.50747,0.00824831,0.00716561,-0.200872,9.09495e-13,0,0,0
17196,-11.4493,12.4473,-2.89438,-0.00815476,-0.619808,-0.022184,0.00700868,-0.238328,0,0,0,0
17253,4.26714,-14.6379,5.38637,0.000226746,0.0260497,0.0258014,0.00784469,-0.240414,0,0,0,0
17326,-6.17459,-20.7851,-6.83905,-0.015345,0.775382,0.00991439,0.00528691,-0.18954,0,0,0,0
17376,12.2891,-3.31725,-14.4029,-0.00454154,0.877634,-0.00510538,0.00470734,-0.136514,1.13687e-13,0,0,0
17431,-12.0535,5.00014,-1.40145,0.0251382,0.802641,0.0052503,0.00439632,-0.100211,0,0,0,0
17482,8.21024,-9.58407,-11.7959,0.00644685,0.545636,0.0264423,0.00422155,-0.0672511,0,0,0,0
17540,-1.95304,6.82377,-10.41,-0.00186034,0.321099,0.00830787,0.00514093,-0.0425681,2.91038e-11,0,0,0
17587,8.33742,9.56502,-23.6453,0.0215439,0.255097,-0.0194572,0.00733156,-0.0282045,1.16415e-10,0,0,0
17649,-25.6856,18.3009,-1.1384,-0.0192631,0.0255104,-0.00870193,0.00703283,-0.0254138,0,0,0,0
17711,-1.358,15.881,-9.8619,-0.0130604,-0.092441,-0.0014394,0.00682648,-0.0257608,0,0,0,0
17763,-8.61311,18.6797,0.642659,0.00101885,-0.0703941,-0.0187334,0.00745843,-0.0335393,-2.91038e-11,0,0,0
17832,-7.76295,-13.5963,-10.856,-0.00126479,-0.109588,0.00666087,0.00732064,-0.0461625,1.45519e-11,0,0,0
17882,6.42339,13.488,-13.4417,0.007512,-0.0749488,0.032785,0.00754441,-0.0494896,5.82077e-11,0,0,0
17948,2.74091,-6.22246,-5.63121,0.00598435,-0.0102341,0.000568356,0.00830431,-0.0509728,1.81899e-12,0,0,0
17999,11.3746,6.30524,-15.7589,0.00659276,0.030624,-0.0266675,0.00930329,-0.04753,0,0,0,0
18051,3.16752,-4.17526,-22.0714,0.0232071,0.0190483,0.00172459,0.010319,-0.0453612,7.27596e-12,0,0,0
18103,-11.6077,-10.0378,5.13131,-0.0188849,-0.000177855,-0.0128337,0.0106544,-0.0455865,2.91038e-11,0,0,0
18153,-10.5659,-0.377259,-15.8516,0.0247149,0.0196802,0.015293,0.0115315,-0.0425589,2.91038e-11,0,0,0
18219,4.41896,1.31124,-33.2642,-0.00109426,0.049319,-0.00841845,0.0116794,-0.0448642,0,0,0,0
18293,8.51975,6.89888,9.47838,-0.0171709,-0.00702562,0.00197636,0.010571,-0.0447621,3.63798e-12,-12.4634,-0.129503,-4.95591
18347,-2.57763,-6.48858,-11.7722,-0.0197936,0.0194516,0.0167451,0.011552,-0.0484844,0,0,0,0
18404,10.9327,-2.41698,1.40775,0.00250958,-0.0140801,0.00215322,0.0118033,-0.0422721,7.27596e-12,0,0,0
18448,15.0244,-6.3357,-6.39245,-0.0205711,-0.0205535,-0.0151891,0.0117191,-0.0387317,-1.45519e-11,0,0,0
18512,10.3927,6.60701,-3.59575,-0.00799181,-0.000597371,-0.00582823,0.0113704,-0.0353431,0,-12.3637,-0.137644,-4.88396
18589,7.40325,-2.81035,-26.1298,0.0183603,-0.0356307,0.00640946,0.0113734,-0.0346428,0,-12.6213,-0.130618,-4.86285
18653,-3.32932,-2.81118,-10.449,0.0263319,-0.00670853,-0.00043712,0.0114029,-0.0344334,9.09495e-13,0,0,0
18723,-0.568028,-4.37963,1.74517,-0.0120272,0.0367289,0.00517434,0.0110148,-0.0327743,0,-12.5181,-0.139425,-4.84622
18786,8.33835,8.8755,-26.785,0.00645305,-0.0118114,0.0334447,0.0118778,-0.0272276,5.82077e-11,-12.4674,-0.119083,-4.76504
18848,8.76477,-9.0638,-20.4557,0.00151356,-0.00870627,0.0342777,0.013514,-0.0269264,0,-12.4125,-0.128463,-4.76053
18918,-5.43717,6.62492,-6.75865,0.0280084,-0.018193,0.0423893,0.0146289,-0.033756,5.82077e-11,-12.4624,-0.13895,-4.84785
18989,-4.43369,13.3349,-9.16783,-0.0187604,-0.00589253,0.00887648,0.0158119,-0.0308627,2.91038e-11,-12.3604,-0.137666,-4.82853
19046,6.14347,11.78,12.3248,0.00296178,-0.0372484,0.0259158,0.0155346,-0.0318848,0,-12.3561,-0.127861,-4.83107
19103,-16.4677,-18.2809,-11.4543,0.0549568,-0.00604441,-0.0191372,0.0167141,-0.0326757,-2.91038e-11,0,0,0
19186,8.22311,-5.72953,0.627121,0.0195122,-0.0256142,0.019126,0.0175073,-0.0335676,0,0,0,0
19236,-5.48295,-21.1224,-11.7012,-0.0057431,-0.0149804,0.02586,0.0182218,-0.0346899,2.91038e-11,0,0,0
19290,-3.08106,-7.73217,-1.36293,0.00517875,-0.00427645,-0.00256525,0.0178256,-0.0371127,3.63798e-12,0,0,0
19339,-6.58261,-11.0551,-12.958,-0.0112478,-0.0170461,-0.0115877,0.0184147,-0.0373291,-1.45519e-11,0,0,0
19391,-16.6923,-5.64227,-8.67171,0.015726,-0.0367998,-0.0110783,0.0195809,-0.0396045,-2.91038e-11,0,0,0
19445,4.56113,11.8082,-8.95752,0.000212833,-0.00468607,-0.00214492,0.0195558,-0.0387412,0,0,0,0
19502,-6.74469,4.90298,-2.96145,0.0259419,-0.0171017,0.027596,0.0219284,-0.0429644,0,0,0,0
19563,-5.53298,-15.4158,-5.80691,0.0199737,-0.00959698,0.0135242,0.0224993,-0.0427735,0,-12.043,-0.124988,-4.97549
19615,0.666346,-1.3389,-13.1384,0.0335083,-0.002529,-0.0247458,0.0235464,-0.0422126,0,0,0,0
19662,16.3627,-18.0767,1.21931,0.000571426,0.0153781,0.0123125,0.0238903,-0.0380158,-2.91038e-11,0,0,0
19708,10.6393,-4.46075,-7.09157,-0.0108785,-0.0206242,-0.00175271,0.0241941,-0.0361561,3.63798e-12,0,0,0
19764,8.27457,7.55248,-10.6,-0.016009,-0.0117646,0.00676536,0.0245786,-0.0314552,1.45519e-11,0,0,0
19815,4.27044,5.79986,-27.4376,0.0187951,0.0251378,-0.00908801,0.0251928,-0.0296339,1.45519e-11,0,0,0
19868,-1.2786,-10.8642,-6.6273,-0.0232375,0.0314936,-0.0163366,0.024473,-0.031597,0,0,0,0
19911,15.1495,-2.74109,-17.8672,-0.0265986,-0.0120748,0.0225241,0.0235638,-0.0275531,0,0,0,0
19963,-10.301,-16.304,-26.198,0.0193628,-0.00132096,-0.0333033,0.0243651,-0.026785,-5.82077e-11,0,0,0
20006,-9.40144,7.32334,-19.349,-0.00954109,-0.0351833,0.00355985,0.0241204,-0.0316819,7.27596e-12,0,0,0
20069,7.48459,18.2401,10.6342,-0.0219308,-0.00635464,-0.000422411,0.0240054,-0.0357366,4.54747e-13,-11.7228,-0.130006,-4.91721
20133,-21.9739,13.6235,-20.682,0.0151454,-0.00237552,0.0137156,0.0245489,-0.0382546,0,0,0,0
20196,-28.1294,-8.43458,-2.18665,-0.0329883,-0.0256534,0.0202016,0.0243605,-0.0426425,0,-11.7555,-0.131361,-4.95411
20247,9.75596,-8.05727,-16.5289,0.0107288,-0.00815027,-0.00243649,0.0252529,-0.0409013,-1.81899e-12,0,0,0
20310,-2.01262,-4.69986,-15.9155,-0.00164757,0.0195183,0.0172116,0.0254175,-0.0384123,2.91038e-11,-11.8,-0.132052,-4.89606
20371,20.2058,-17.2757,-30.1578,-0.00599099,-0.0403735,-0.00453717,0.0253664,-0.0391827,0,-11.849,-0.132262,-4.91624
20431,4.55042,3.02736,-22.2487,0.00301883,-0.0371418,-0.0197794,0.0249856,-0.0407933,-5.82077e-11,-11.537,-0.119035,-4.96041
20488,11.1995,25.5601,6.91456,-0.005798,-0.0164713,-0.0125121,0.0238088,-0.0370386,0,0,0,0
20543,11.9847,8.00346,0.978641,-0.0182026,0.018465,-0.0197197,0.0238194,-0.031835,-5.82077e-11,0,0,0
20595,-3.63352,-2.76096,-12.2383,-0.0177075,0.0123956,-0.0366844,0.0234948,-0.0314189,-5.82077e-11,0,0,0
20649,-0.174874,16.4768,-6.27273,-0.00759461,0.00834245,-0.0120569,0.0230425,-0.030601,-2.91038e-11,0,0,0
20697,-9.14563,3.10682,-1.70389,0.012509,-0.00407456,-0.0139995,0.0239378,-0.0326493,2.91038e-11,0,0,0
20746,1.35341,5.40071,-6.60964,-0.0116994,0.00304381,-0.0141712,0.0233679,-0.035176,0,0,0,0
20807,-10.1751,5.48131,-4.92318,0.0030145,0.0251384,0.00562805,0.0236052,-0.0367746,0,-11.2726,-0.0896106,-4.8944
20885,19.2497,-1.01121,-25.0434,-0.0357248,-0.00743371,-0.0154518,0.0228606,-0.0319231,0,0,0,0
20940,19.8834,-5.99589,5.57037,0.0469618,-0.00452785,0.0026811,0.0239425,-0.0296298,0,0,0,0
21006,-13.6748,10.9506,-18.2117,-0.0069309,-0.0284155,0.0196765,0.0240795,-0.0321499,-2.91038e-11,0,0,0
21068,20.5123,-3.69774,-7.31485,0.0104997,0.0321621,-0.0181556,0.0249178,-0.0237118,-2.91038e-11,0,0,0
21127,1.8229,-4.86206,-11.5939,0.0350354,-0.000571075,0.0244298,0.0257054,-0.0232801,0,-11.4057,-0.100062,-4.72571
21189,-0.843031,-4.08918,-18.0074,-0.0426948,-0.0194774,0.0181474,0.0252957,-0.0250521,2.91038e-11,0,0,0
21247,3.73773,4.21496,-19.0654,0.0102358,0.0261558,-0.00312959,0.0253392,-0.0248548,-1.81899e-12,0,0,0
21300,16.1536,-1.24615,4.4639,0.00239581,0.025063,-0.0131562,0.0274454,-0.0273682,0,0,0,0
21363,-3.23084,1.87064,-15.4525,-0.0232281,-0.00791106,-0.0177406,0.0276751,-0.0309325,-2.91038e-11,0,0,0
21417,6.49419,11.5415,-9.3348,-0.00418551,-0.016714,-0.0328471,0.027853,-0.0290854,-5.82077e-11,0,0,0
21486,-5.06659,9.37189,1.87683,0.0336183,-0.0193662,0.00838992,0.0284303,-0.0302012,0,0,0,0
21533,7.70466,17.0762,-13.0183,0.0122213,-0.0265927,-0.00612278,0.0289273,-0.0312771,-1.45519e-11,0,0,0
21603,1.91758,1.49629,-16.6044,0.019366,0.0130584,-0.000471145,0.0307784,-0.0395803,0,0,0,0
21664,-8.49825,4.23487,-22.2648,0.0100705,0.0198108,-0.00843538,0.0312037,-0.0418922,1.45519e-11,0,0,0
21715,-15.5129,4.82195,-7.96355,0.0157578,-0.0148225,-0.0142295,0.0324175,-0.043452,-2.91038e-11,0,0,0
21776,1.34329,5.07504,-25.2241,0.012225,-0.0152241,0.0226521,0.0322823,-0.0434731,5.82077e-11,0,0,0
21838,1.47756,-15.7297,-24.502,0.0209941,0.0381087,-0.00625698,0.0327654,-0.0381625,-7.27596e-12,0,0,0
21889,-3.67669,2.68642,-5.12253,-0.001906,-0.0327477,-0.0214037,0.0324749,-0.0405748,1.16415e-10,0,0,0
21940,15.6615,0.911755,-19.7783,0.022121,0.0365395,0.0117797,0.0330923,-0.0379815,5.82077e-11,0,0,0
21991,15.0752,5.89534,-9.08335,-0.00597034,0.00712564,0.0124306,0.0332799,-0.0348021,0,-10.9421,-0.113034,-4.87175
22049,-3.87974,6.04702,-9.07675,-0.0119659,0.0110604,-0.00637557,0.0343642,-0.0370249,0,-10.9405,-0.113028,-4.89644
22114,-11.2856,-7.32152,-20.0962,-0.0219282,0.0192264,0.0253406,0.0340082,-0.0336055,-2.91038e-11,-10.9759,-0.104478,-4.85944
22165,-4.77501,-17.5948,-29.5193,0.0120103,-0.0102082,0.0114404,0.0361946,-0.0330468,1.45519e-11,0,0,0
22227,-15.7491,11.7744,-2.40495,-0.00292494,-0.0228365,0.0170725,0.0367476,-0.0316064,2.91038e-11,-10.9016,-0.0946052,-4.86075
22283,3.11714,1.32938,-5.35102,0.0276822,0.0135764,-0.00528534,0.0373329,-0.0304494,1.45519e-11,0,0,0
22340,5.99205,11.6277,9.56029,-0.0115452,0.0282653,-0.0117124,0.0365886,-0.0303491,-1.45519e-11,0,0,0
22385,-0.769037,-12.5871,-11.6057,-0.00705098,-0.0100386,0.0173286,0.0382394,-0.0291499,-2.91038e-11,0,0,0
22427,-13.4188,-12.6597,6.2304,-0.00307298,-0.0205593,0.000846104,0.0387779,-0.029929,1.81899e-12,0,0,0
22477,-19.5953,-8.32288,9.78642,-0.0174536,0.0427966,-0.017746,0.0392228,-0.0312882,0,0,0,0
22530,8.12713,5.59739,-21.7974,-0.0238474,-0.00230446,0.0121245,0.0402849,-0.0296209,0,0,0,0
22594,1.0581,-2.36258,-9.8909,0.0148251,-0.00927439,-0.00308161,0.0410955,-0.0317559,-3.63798e-12,-10.6922,-0.110269,-4.83135
22659,-1.70389,14.58,-7.83745,0.0281638,-0.00959482,-0.0114685,0.0414542,-0.0329509,-1.45519e-11,-10.7069,-0.128295,-4.82871
22715,6.9496,-2.49048,-6.01435,0.00282093,-0.0140721,0.0099713,0.0405869,-0.0316133,0,0,0,0
22772,-8.10257,16.3337,-35.9302,0.0112011,-0.00557229,0.00580035,0.0399336,-0.0332556,1.45519e-11,0,0,0
22825,-2.03734,-5.94922,-5.65137,-0.0132599,-0.0373046,0.0057403,0.0404106,-0.0360106,-1.45519e-11,0,0,0
22889,1.48127,2.46554,-18.8511,-0.00889941,0.0124769,-0.0101751,0.0390713,-0.0377343,-2.91038e-11,0,0,0
22947,-17.5271,13.511,-12.2319,-0.00485964,-0.0444346,0.0103467,0.0391948,-0.0420247,2.91038e-11,0,0,0
23008,8.15473,-1.6551,-17.0732,0.00047515,0.00943398,0.0111286,0.0388763,-0.0436268,1.45519e-11,0,0,0
23065,-12.185,1.59425,-13.9183,-0.0199232,-0.006785,-0.0143011,0.03761,-0.0432695,2.91038e-11,0,0,0
23132,1.81125,-1.89326,-4.50791,0.0184988,0.00557569,-0.00769592,0.0386519,-0.04008,-2.91038e-11,0,0,0
23177,10.8023,7.60175,-8.88498,0.0209102,-0.00873642,0.011571,0.0387306,-0.0358102,0,0,0,0
23228,2.9893,-0.889631,13.2928,0.00754065,-0.0296874,0.00586292,0.0392124,-0.0332556,7.27596e-12,0,0,0
23283,6.63428,7.44337,-11.0495,-0.00260728,0.00546429,-0.00273786,0.0385153,-0.0312953,0,0,0,0
23345,19.3941,-19.6739,-4.27064,0.00822954,-0.0243886,0.00992766,0.0423851,-0.0349687,1.45519e-11,0,0,0
23413,-17.825,-2.42125,-5.46234,0.00806327,-0.00340475,0.00542755,0.0429175,-0.0379883,1.45519e-11,-10.2799,-0.0971764,-4.90008
23478,-14.9618,8.05634,-16.3736,0.0114502,0.00118843,0.00134164,0.0442991,-0.0394994,3.63798e-12,0,0,0
23535,-4.08725,3.88316,-11.3912,0.0169189,-0.0192213,-0.0127903,0.0440563,-0.0386832,2.91038e-11,0,0,0
23605,-0.259115,-5.2069,-22.8071,0.01257,0.0219031,-0.0396243,0.0454763,-0.0370941,1.16415e-10,-10.1483,-0.0878624,-4.89369
23671,-9.4737,10.8837,8.07681,0.0190543,-0.0247301,-0.0135459,0.0464387,-0.043392,-5.82077e-11,-10.2725,-0.0813507,-4.93932
23752,-7.11202,-16.9922,-23.3052,-0.00548413,-0.0342114,0.00916979,0.0464356,-0.0426738,0,-10.1629,-0.0963857,-4.93641
23809,-9.20812,5.288,-13.6517,0.00397205,-0.0134284,0.0341698,0.0478605,-0.0457447,0,0,0,0
23863,8.35047,-3.29863,-1.41895,-0.0355752,0.0165215,0.0191869,0.0462911,-0.0419839,1.16415e-10,0,0,0
23916,-5.62921,-24.1374,-0.833393,-0.00475272,-0.00929558,-0.000401871,0.0470813,-0.0453109,-4.54747e-13,0,0,0
23966,-0.724618,-15.9827,-14.3514,-0.0199042,-0.0303943,-0.00976424,0.0462945,-0.0465753,0,0,0,0
24004,1.32547,-13.1194,-18.3551,0.00889804,-0.00551486,0.0171081,0.0469074,-0.0465935,8.73115e-11,0,0,0
24053,-20.626,7.54113,-1.69328,0.0463241,0.0220073,0.00439321,0.0470411,-0.0491602,-1.45519e-11,0,0,0
24115,4.20622,-0.880593,-11.4949,-0.0287615,-0.0430645,-0.0091015,0.0474348,-0.0544028,0,0,0,0
24178,-1.06996,1.57787,-13.6606,0.0146709,0.00795549,0.00274491,0.0469825,-0.0538897,7.27596e-12,0,0,0
24233,-5.21761,2.14972,1.31892,-0.0254546,-0.0144322,0.00921221,0.0455282,-0.0575895,2.91038e-11,0,0,0
24299,-5.21761,2.14972,1.31892,-0.0254546,-0.0144322,0.00921221,0.0455282,-0.0575895,2.91038e-11,0,0,0
24353,10.5765,-19.3708,-20.3891,0.00409277,-0.0265463,-0.0111307,0.0457314,-0.0558574,0,0,0,0
24424,6.21991,-7.99459,-16.4661,0.00673696,-0.0113105,-0.0093968,0.0464889,-0.0568374,0,-9.68962,-0.0745774,-5.10156
24485,-5.20355,4.39728,-7.91212,0.000742402,-0.0100724,-0.0390696,0.0446342,-0.0613668,-5.82077e-11,-9.87697,-0.101156,-5.1201
24541,13.7577,-16.4028,-10.8038,-0.0127541,-0.0166903,0.000376908,0.0439348,-0.0589368,4.54747e-13,0,0,0
24596,5.24405,-1.07633,5.93271,0.00337814,-0.00665575,-0.0216002,0.0450874,-0.0603122,-2.91038e-11,-9.77975,-0.0765448,-5.10222
24655,-0.0617147,-15.3173,-11.9098,-0.0451868,-0.0184537,-0.0180319,0.0458314,-0.0597008,2.91038e-11,0,0,0
24699,-8.75028,10.0431,-24.3882,-0.0047525,0.0251255,-0.014583,0.0458853,-0.0564928,-2.91038e-11,0,0,0
24767,19.6955,14.513,-9.71755,0.0107056,-0.0127825,0.00549915,0.0462841,-0.0539901,0,0,0,0
24835,-11.6865,3.58227,-13.8414,-2.04969e-05,0.0027518,0.0231867,0.0453625,-0.0534791,0,0,0,0
24899,12.2273,2.65396,-0.55176,0.0256376,0.0364613,-0.0214719,0.0452684,-0.0487904,5.82077e-11,0,0,0
24959,-17.8938,-4.58825,-21.0357,0.0145838,0.0322148,-0.00438358,0.0457491,-0.0543121,-1.81899e-12,0,0,0
25025,-11.8124,-9.30162,-14.8609,-0.0120259,0.00775886,-0.0193879,0.0470408,-0.0549386,-5.82077e-11,0,0,0
25086,-4.09352,14.1552,0.204189,-0.00477836,0.0105066,0.00336248,0.0469848,-0.0555792,1.45519e-11,-9.56304,-0.0751328,-5.03586
25142,1.52493,0.975414,0.672187,0.0130143,-0.0299347,-0.00141571,0.0466443,-0.0512514,0,0,0,0
25202,-6.00378,0.645934,-7.28784,0.0113319,0.00161683,0.00457682,0.0466597,-0.0510016,0,-9.15128,-0.0761438,-5.07302
25268,-8.36367,-7.99811,-8.93575,0.0358982,-0.00492457,-0.0221242,0.0478273,-0.0536296,-2.91038e-11,-9.33299,-0.0718656,-5.04927
25334,9.13927,-13.0854,5.04318,-0.0167828,0.00687049,-0.00246939,0.0480385,-0.0483476,0,-9.51063,-0.0886317,-4.99437
25395,-3.76487,-0.288382,-15.6146,-0.0202869,-0.000176432,0.00575887,0.0485695,-0.0482063,0,0,0,0
25447,9.8838,-15.8241,7.11635,-0.028765,0.0257643,-0.00835919,0.049494,-0.0422746,0,0,0,0
25510,10.4251,8.24,-11.4092,0.0284749,-0.0310431,-0.0342211,0.0503625,-0.0418962,0,-9.29896,-0.0937776,-4.92333
25575,-2.91454,-11.802,-25.3883,0.0144775,-0.0436464,0.00350789,0.0512589,-0.0429826,0,0,0,0
25626,-4.95195,-5.46981,-16.7167,-0.00637349,0.0288543,0.00897544,0.051995,-0.0422362,0,0,0,0
25672,-3.26336,-7.91761,-20.0273,0.00662457,0.00870672,-0.0181458,0.0525569,-0.0420493,-2.91038e-11,0,0,0
25752,-7.9744,-1.39432,-18.2695,-0.00663036,-0.0214755,-0.0173523,0.0534209,-0.0458137,0,0,0,0
25820,-4.87824,9.99832,-15.2902,-0.00609187,0.0179529,-0.0142139,0.0533034,-0.0453227,-1.45519e-11,-8.9089,-0.0729804,-5.01421
25892,-1.0278,11.4828,-2.64408,0.0143613,-0.00563306,0.00846768,0.0530026,-0.0460569,-1.45519e-11,-9.25645,-0.0863908,-4.94523
25955,14.6619,-3.49092,12.7575,-0.00439983,-0.00482174,-0.0155554,0.0544379,-0.0442173,-2.91038e-11,0,0,0
26017,-12.7186,-18.7052,-7.19321,0.00685391,0.0114094,-0.024643,0.0538204,-0.045091,0,-9.06595,-0.0837734,-4.94953
26072,-12.7478,16.2133,-5.80456,-0.000940664,-0.0128235,0.0140764,0.0544739,-0.0470938,0,0,0,0
26145,-9.17702,-1.67313,-6.36157,-0.00536943,0.00336931,0.0182384,0.0550608,-0.0494778,2.91038e-11,-9.10299,-0.086372,-4.95606
26214,-9.61349,-7.83408,-16.7583,-0.0131804,-0.0093702,0.0202989,0.0539716,-0.0492161,-5.82077e-11,-9.06586,-0.0844123,-4.97301
26262,9.27147,-18.7408,-27.5552,-0.0254926,-0.00300834,0.00101803,0.0537533,-0.0460306,3.63798e-12,0,0,0
26321,-5.44762,26.424,0.202057,0.00833407,0.0230499,-0.00534577,0.0524005,-0.0453055,0,0,0,0
26377,-18.3859,13.6899,3.97934,0.0300968,0.00197374,-0.0208562,0.0512073,-0.0463064,2.91038e-11,0,0,0
26428,-5.60138,-1.6708,-27.0997,-0.0187138,-0.00707798,-0.0165704,0.0521066,-0.0493463,-2.91038e-11,0,0,0
26482,-5.60138,-1.6708,-27.0997,-0.0187138,-0.00707798,-0.0165704,0.0521066,-0.0493463,-2.91038e-11,0,0,0
26525,-3.21561,-3.56159,-5.58662,0.0128742,-0.0190082,-0.0264616,0.0514182,-0.0530925,5.82077e-11,0,0,0
26572,-13.1676,1.73121,-19.8797,-0.0188592,0.00866346,-0.0118049,0.0522578,-0.0534753,-1.45519e-11,0,0,0
26622,12.6193,-1.99216,-16.8235,0.0240312,0.0136895,-0.00803448,0.0537745,-0.0508568,0,0,0,0
26679,-13.2877,18.0152,5.38374,0.0216397,0.0041238,0.00804892,0.0519525,-0.0531411,0,0,0,0
26732,9.47797,-0.49459,-8.7358,0.0124389,-0.0101813,-0.0504318,0.0512622,-0.0512001,-5.82077e-11,0,0,0
26792,6.52529,2.00034,-9.8439,0.00947489,0.00782697,0.0267856,0.0520294,-0.0500037,0,0,0,0
26842,-11.7369,18.7824,-14.0527,-0.00181921,0.00438455,-0.000569788,0.0496936,-0.0519762,1.81899e-12,0,0,0
26910,-1.2418,2.47409,0.156428,-0.0118593,-0.0084649,0.00205467,0.0485598,-0.0533202,0,0,0,0
26968,-14.5576,-17.0914,-18.6673,0.00304537,-0.0192442,0.0102734,0.0486905,-0.0539486,-2.91038e-11,0,0,0
27016,-14.5576,-17.0914,-18.6673,0.00304537,-0.0192442,0.0102734,0.0486905,-0.0539486,-2.91038e-11,0,0,0
27065,-0.679132,-1.52072,-24.4262,0.0116455,0.00862032,0.0174552,0.0512731,-0.0548351,2.91038e-11,0,0,0
27117,1.21014,6.96805,-20.2175,-0.016774,0.0228359,0.0210582,0.051759,-0.0509594,2.91038e-11,0,0,0
27173,8.5943,5.27723,-3.00934,-0.00221561,-0.0191495,0.0119087,0.0496484,-0.0464015,2.91038e-11,0,0,0
27232,-1.27619,-0.900022,-12.7268,0.00361561,0.0343986,-0.0160633,0.0489679,-0.0462701,0,0,0,0
27291,3.94111,-8.38627,-22.6698,0.00882187,0.0178724,0.0503636,0.0476949,-0.0459198,0,0,0,0
27352,-2.20972,16.6115,-4.19859,-0.0117838,0.0358338,-0.0460379,0.0479212,-0.0444719,1.16415e-10,0,0,0
27415,-11.3689,-3.97228,-4.51136,-0.0109833,0.00705527,-0.00544573,0.0456252,-0.0454836,7.27596e-12,0,0,0
27469,-0.752055,-2.06269,-10.0952,-0.0321549,-0.00966615,0.00586504,0.0453406,-0.0440839,2.91038e-11,0,0,0
27532,-12.3052,10.1778,-18.4251,-0.00403044,0.0224625,-0.00168639,0.045066,-0.0443754,3.63798e-12,0,0,0
27612,-24.0608,-14.6604,-30.6378,0.0234781,0.000233847,0.013118,0.0455553,-0.047235,0,0,0,0
27681,-5.12591,-11.3893,-19.3238,0.00587136,-0.0164996,-0.0151722,0.0454495,-0.0471955,0,0,0,0
27736,-16.4388,15.5849,-3.05296,-0.00308883,-0.00131205,0.0284823,0.044836,-0.0496015,0,0,0,0
27798,7.35221,-16.7172,-24.2895,0.0188403,0.00250759,-0.0187433,0.0444948,-0.0483754,-2.91038e-11,0,0,0
27863,10.8541,3.02025,-5.82722,0.00184484,0.0194165,-0.019385,0.0443063,-0.0481268,2.91038e-11,0,0,0
27922,-14.7112,-14.6392,0.813518,0.029307,0.0152495,-0.0235457,0.0460824,-0.0492574,-2.91038e-11,0,0,0
27984,-6.98647,-2.44403,-9.92141,0.0201297,0.00899092,-0.0144379,0.0481513,-0.0467352,0,0,0,0
28035,12.6188,-7.64536,-13.9288,-0.00833458,0.0221729,-0.00762554,0.0481184,-0.0427503,1.45519e-11,0,0,0
28099,12.8169,-5.29945,-6.29308,0.0297106,0.00672818,0.0433409,0.0495874,-0.040645,0,0,0,0
28160,-6.79925,-16.2239,-16.598,-0.0401288,0.0117443,-0.0122225,0.0495576,-0.0411625,0,0,0,0
28231,-8.72593,16.3905,-18.5221,0.022031,-0.0235147,0.0174263,0.0499148,-0.0410756,-5.82077e-11,0,0,0
28295,-2.26039,-11.0654,-19.7666,0.00236609,0.0383852,-0.0234532,0.0513722,-0.0437949,-2.91038e-11,0,0,0
28399,19.0549,-6.93748,-5.85021,-0.0106892,0.0193085,0.0124357,0.0503997,-0.0446215,2.91038e-11,0,0,0
28461,-6.24556,8.8792,-14.1252,-0.0128737,-0.0151519,0.00601887,0.0518716,-0.046108,0,0,0,0
28544,-10.9933,0.878818,-15.4927,0.0372995,0.00806687,-0.0110865,0.0537904,-0.0497008,-1.45519e-11,0,0,0
28595,19.0805,3.0893,1.93209,0.000160521,0.0244374,0.023018,0.0518887,-0.0449833,0,0,0,0
28669,3.15419,-10.9714,-3.97843,0.0179356,-0.0215643,0.00349111,0.0533703,-0.0435975,0,0,0,0
28731,9.51787,-10.7871,-16.6473,0.0269397,0.00324165,0.0157097,0.054186,-0.0415485,0,0,0,0
28783,-0.754153,-0.344217,-16.1903,0.0195696,0.00268575,0.0109701,0.055187,-0.0423918,2.91038e-11,0,0,0
28842,-2.64984,-12.3674,-11.8729,0.0158758,0.0243553,0.0313799,0.0554387,-0.0415166,0,0,0,0
28939,-3.55896,-4.55959,-0.488585,0.00406524,-0.01661,-0.024817,0.0535536,-0.0447661,2.91038e-11,0,0,0
28994,6.41546,-5.32689,-21.642,0.00209858,-0.0246783,-0.00219224,0.0554488,-0.0468655,0,0,0,0
29058,-3.09314,2.47612,-9.97505,-0.0133759,0.0163067,-0.0209559,0.0540047,-0.0464865,-2.91038e-11,0,0,0
29116,-3.10941,6.74663,-11.3837,0.0107468,0.00388748,0.0319937,0.0543417,-0.0477571,0,0,0,0
29172,3.67543,1.12564,2.44285,-0.0111441,0.00889496,0.000717547,0.0522662,-0.0447839,0,0,0,0
29239,-5.96117,-13.8776,-8.36458,-0.0145698,-0.0323926,0.00798141,0.0528464,-0.0475846,0,0,0,0
29309,18.0867,-14.4936,-9.15239,0.0217542,-0.00768693,-0.0124272,0.0536257,-0.048934,0,0,0,0
29382,-2.19415,8.67274,-10.2875,-0.00442008,0.0104993,0.0225519,0.0529828,-0.0484292,-5.82077e-11,0,0,0
29429,8.95069,-7.07005,-3.60868,0.00776026,0.00283687,-0.00398943,0.0518199,-0.0493898,3.63798e-12,0,0,0
29491,-12.6767,-0.515293,-17.009,0.0229182,0.0263015,0.0151536,0.0522752,-0.0503938,0,0,0,0
29545,-17.2863,-2.78194,-14.0787,-0.00348205,0.0285424,0.0134332,0.0519444,-0.0535219,0,0,0,0
29616,13.7183,-17.0887,-10.2739,0.00575051,0.0420797,-0.02729,0.0535619,-0.0505773,-2.91038e-11,0,0,0
29666,-10.8274,0.386483,-3.05072,-0.00504971,-0.00235381,-0.0148031,0.0520678,-0.0535587,0,0,0,0
29728,-4.30761,15.6603,-7.00478,-0.00016469,0.00768897,-0.000788282,0.0518129,-0.0533734,0,0,0,0
29782,3.81435,6.93969,-13.7489,0.0132913,-0.0203949,0.0180881,0.0514707,-0.0514432,0,0,0,0
29830,3.00559,1.85711,-5.28952,0.00477629,-0.0452742,0.021491,0.0523903,-0.0501889,-1.16415e-10,0,0,0
29899,-5.72399,2.71538,-13.0509,0.0208905,-0.020546,0.0235443,0.0536507,-0.0510851,5.82077e-11,0,0,0
29953,-14.5574,-9.66864,-12.0248,-0.00808738,0.0490856,0.00141014,0.053976,-0.0537658,7.27596e-12,0,0,0
30003,26.156,6.48704,-22.3335,-0.00095769,-0.00480229,-0.0257182,0.0553105,-0.0501381,-5.82077e-11,0,0,0
30062,7.77372,-1.05377,-14.8693,-0.00711604,0.000695576,0.0214398,0.0553826,-0.0488103,0,0,0,0
30117,2.69539,-5.5006,-5.62648,-0.0151402,0.00110182,-0.0211833,0.0557788,-0.0477216,-2.91038e-11,0,0,0
30182,-13.7736,12.3709,-11.092,0.0171394,-0.0126289,0.0179547,0.0568,-0.0468773,2.91038e-11,0,0,0
30244,-5.68106,-0.335109,-10.8568,0.0108503,-0.001145,0.00454361,0.0575043,-0.0482979,1.45519e-11,0,0,0
30318,13.6599,0.884228,-21.0425,0.00718519,-0.0266355,0.0157692,0.0579309,-0.0465683,1.45519e-11,0,0,0
30411,-1.0542,5.18589,-4.11283,0.0371369,-0.00129582,-0.00558225,0.0596069,-0.049631,-1.45519e-11,0,0,0
30485,-1.89129,9.8056,0.960235,0.0131289,-0.00113755,-0.0164458,0.0577246,-0.0502675,-2.91038e-11,0,0,0
30568,2.80275,-16.6865,-27.5809,0.0378052,-0.0137565,-0.00232416,0.0597306,-0.0509066,7.27596e-12,0,0,0
30642,1.64721,5.09639,-1.31903,-0.0330955,0.0207953,0.00271888,0.0571302,-0.0521459,0,0,0,0
30716,0.00780912,12.0487,-12.4148,-0.0286164,-0.00555546,0.019958,0.05728,-0.0570403,5.82077e-11,0,0,0
30779,-14.923,3.81637,-13.1909,0.00416307,0.00825414,-0.00930095,0.0573872,-0.060414,0,0,0,0
30846,0.0633636,1.37288,-14.1531,0.0281611,-0.0246063,-0.00197576,0.0582586,-0.061081,-7.27596e-12,0,0,0
30901,6.26776,12.5049,-14.7653,-0.0083136,-3.50273e-05,0.011738,0.0576758,-0.0640837,2.91038e-11,0,0,0
30967,0.888535,19.4238,2.77756,0.00531866,-0.00638198,-0.0136824,0.0569343,-0.0664221,-2.91038e-11,0,0,0
31034,5.23351,14.0294,-16.583,0.00467393,0.0310817,-0.0256989,0.0557578,-0.0651403,0,0,0,0
31097,13.247,-12.1123,-2.90941,0.00569165,0.00677152,0.0289487,0.0567665,-0.0624745,0,0,0,0
31156,-18.1741,6.74031,-23.5711,0.016183,-0.00178272,-0.00965531,0.0559369,-0.0651919,-1.45519e-11,0,0,0
31225,-8.93981,4.4794,-9.58994,-0.00355451,-0.0292778,-0.0266973,0.0546621,-0.0674515,0,0,0,0
31292,-23.5695,-9.12943,-11.2451,0.0333787,-0.0115189,-0.00168811,0.0566669,-0.0716215,1.45519e-11,-6.59322,-0.0461231,-5.1006
31349,15.8292,-5.51073,1.39824,0.000869029,-0.0100523,0.00575344,0.0589497,-0.0697245,1.45519e-11,0,0,0
31400,12.5919,-1.28052,-13.1692,0.0106609,0.00898335,0.00610357,0.0588566,-0.0655363,2.91038e-11,0,0,0
31462,-6.89346,-18.8802,-17.0166,0.0231697,0.00180743,0.0116461,0.0611819,-0.0671936,0,0,0,0
31527,1.21635,-1.02595,-6.55008,0.00855401,0.0147204,-0.00429091,0.0619926,-0.067869,0,-6.46019,-0.0328384,-5.05835
31588,-3.76524,-0.665623,1.79698,-0.0243469,0.00238629,-0.00669151,0.0626529,-0.0706454,-1.45519e-11,-6.52378,-0.0351102,-5.06172
31648,-14.5788,-6.58061,-8.85425,0.0111459,0.0198672,-0.0271805,0.0627109,-0.0725208,0,0,0,0
31737,0.173897,10.7594,-15.8471,0.0151274,0.00223051,-0.0204146,0.0647795,-0.0757542,5.82077e-11,0,0,0
31819,6.19305,-6.69512,-8.40421,0.010662,0.0126024,0.020613,0.0646373,-0.0784659,5.82077e-11,-6.3543,-0.0415521,-5.12553
31879,-13.3722,-12.6496,-3.84291,-0.0358859,-0.00755207,-0.0359623,0.0664779,-0.0804863,-5.82077e-11,0,0,0
31936,-4.4571,14.0716,-10.0752,0.0096805,-0.02538,-0.00985363,0.0638881,-0.0810072,-1.45519e-11,0,0,0
32001,14.0006,9.03374,-21.9032,-0.0303997,-0.00363628,-0.0119672,0.0623236,-0.0777207,-2.91038e-11,0,0,0
32074,20.4855,6.35162,-4.79276,0.00407901,0.0334125,-0.0237791,0.0658555,-0.0718547,-5.82077e-11,-6.20778,-0.0295742,-5.09344
32142,-14.7105,11.2447,-5.20443,0.00682211,-0.0125526,-0.0334102,0.0660367,-0.0794416,5.82077e-11,0,0,0
32200,-8.82322,-8.54441,4.61037,0.0145749,-0.00379199,-0.00358254,0.0677976,-0.0789356,-7.27596e-12,0,0,0
32252,15.6318,2.37122,9.61507,-0.00775263,0.00670481,0.0299184,0.0635491,-0.0721118,0,0,0,0
32310,-0.113397,-14.3997,-11.1804,-0.0117915,0.0257634,0.00472816,0.0636441,-0.0733822,7.27596e-12,0,0,0
32356,-21.4908,6.56686,4.48531,0.0176595,0.00398835,5.61166e-05,0.06234,-0.0763544,3.63798e-12,0,0,0
32401,-6.79582,7.05863,5.83343,0.0176656,0.00609897,0.0044054,0.0600109,-0.0753164,0,0,0,0
32444,6.41667,13.0831,-33.8759,-0.00218587,-0.013965,-0.00616194,0.0587128,-0.0762895,0,0,0,0
32501,-0.342306,-29.0268,-25.2114,-0.0146195,0.0240519,-0.023914,0.0587932,-0.0757625,0,0,0,0
32549,12.0822,7.02292,-7.46404,-0.0196731,0.0147468,0.028666,0.0583966,-0.0710456,5.82077e-11,0,0,0
32609,-1.50831,7.35574,-7.09126,0.0348129,0.0144651,-0.0162373,0.0591926,-0.0707443,5.82077e-11,0,0,0
32660,9.95409,-3.64199,-2.09758,-0.0141413,-0.0192472,-0.0102347,0.0609928,-0.063891,0,0,0,0
32729,5.68807,6.4577,-0.273911,-6.99555e-05,-0.0102141,0.0159055,0.0593501,-0.0620232,-5.82077e-11,0,0,0
32799,10.2707,-11.971,-3.76797,0.0132895,-0.0142232,0.0017761,0.0610312,-0.062333,3.63798e-12,0,0,0
32851,-0.490825,8.44229,-22.4268,0.0137412,-0.00569349,-0.012889,0.0621816,-0.0616065,-2.91038e-11,0,0,0
32922,19.4619,-2.5511,-3.51236,-0.0149016,-0.000940384,0.0160914,0.0641423,-0.053844,2.91038e-11,0,0,0
32978,-1.62431,2.66916,-12.1581,-0.00689914,0.0113893,0.00603044,0.0624176,-0.0572875,0,-5.8253,-0.0269999,-4.97958
33041,6.02169,0.752217,4.71323,-0.0254633,-0.0257095,-0.00497609,0.0585669,-0.0557491,7.27596e-12,0,0,0
33097,5.80545,-12.0381,-1.36443,-0.0064244,0.0127054,-0.0129926,0.0622583,-0.0532068,2.91038e-11,0,0,0
33192,-1.99485,-3.64901,2.18483,-0.0259783,-0.00600039,0.0304228,0.0647378,-0.0557861,0,0,0,0
33281,-19.1866,-11.0151,-11.737,-0.0490402,0.0182613,-0.0141674,0.06707,-0.0511754,0,-5.75323,-0.014612,-4.9177
33337,7.48912,-4.2757,-2.03675,-0.0107861,0.0127956,-0.0100776,0.0692271,-0.0435147,1.45519e-11,0,0,0
33399,2.81917,-5.25243,-8.99959,-0.00877457,0.0207532,0.0276694,0.0703998,-0.0387998,0,0,0,0
33475,1.11451,3.52054,-13.2642,-0.0203812,0.00525876,-0.0203382,0.0709172,-0.0376002,0,0,0,0
33555,-20.626,-7.46835,-21.7034,-0.0279673,0.00589161,0.00766513,0.071952,-0.0403938,1.45519e-11,-5.50596,-0.0193265,-4.86042
33630,-4.51314,4.81929,-14.1945,-0.0133966,-0.0137511,-0.00590137,0.0715037,-0.0387455,0,0,0,0
33700,-9.0138,-6.16531,-11.405,0.0407525,0.0223926,-0.011159,0.0687353,-0.0402535,-1.45519e-11,-5.39729,-0.0103126,-4.87342
33757,-13.2646,0.838174,-0.150778,-0.0106393,0.0307075,-0.00619033,0.0653724,-0.0383489,-7.27596e-12,0,0,0
33822,18.6645,-1.28616,-2.66198,-0.00606482,0.0241808,-0.00318698,0.0660173,-0.0352785,-1.81899e-12,0,0,0
33885,-16.0956,6.45102,-1.21962,-0.0073007,0.00204737,0.00265947,0.0644979,-0.0382805,0,0,0,0
33943,-0.0789062,9.11224,-5.19837,0.00411469,-0.000561755,0.0319607,0.0664549,-0.0381143,-1.16415e-10,-5.37337,-0.0166187,-4.83466
34020,-10.2397,8.99488,-17.3164,-0.0046479,0.028833,-0.0314954,0.068866,-0.0360756,2.91038e-11,0,0,0
34082,19.9005,18.8746,-6.16792,-0.0369518,-0.000672537,0.0215433,0.0670912,-0.0339763,0,0,0,0
34172,-21.1131,7.94008,-13.4452,0.0186005,-0.0208483,-0.013975,0.0675409,-0.0350656,5.82077e-11,0,0,0
34234,8.99179,-13.5174,-23.0653,-0.00687945,-0.000799532,-0.0245664,0.0659014,-0.029921,0,0,0,0
34295,-11.8772,11.8753,5.42971,0.016923,-0.0154765,0.0125189,0.064273,-0.0337123,0,0,0,0
34358,-11.8772,11.8753,5.42971,0.016923,-0.0154765,0.0125189,0.064273,-0.0337123,0,0,0,0
34427,4.97299,10.024,-21.7081,-0.0331151,-0.0143052,0.0170755,0.0653499,-0.0323019,2.91038e-11,0,0,0
34524,16.5525,17.2625,-1.71964,0.0181236,0.018541,0.000362013,0.0618423,-0.0288175,7.27596e-12,0,0,0
34633,1.32288,3.45452,-12.724,0.0402649,0.0309374,-0.0252412,0.0636238,-0.0274398,0,-5.04267,-0.00453671,-4.7906
34735,6.03389,14.5627,-10.2367,0.0180375,0.0057989,-0.0177953,0.0617968,-0.02453,2.91038e-11,0,0,0
34815,19.399,-12.9743,-2.42329,0.000563846,0.00537122,0.00468057,0.0644599,-0.0187526,1.45519e-11,-4.9695,-0.0182528,-4.72927
34906,1.42727,-14.8508,-3.10685,-0.0225782,0.0108941,-0.0108725,0.0635359,-0.0159827,0,-4.93845,-0.00896904,-4.71733
34981,12.7907,-17.0831,-20.9817,0.0199564,-0.0124629,0.00306698,0.0662075,-0.0167254,7.27596e-12,-4.90984,-0.00758645,-4.72367
35087,-1.52719,-7.20949,-7.6037,0.0162016,0.00926349,0.000797532,0.0689931,-0.0149588,-7.27596e-12,-4.85905,-0.0107995,-4.71589
35159,7.87272,5.45922,-15.4437,0.00441818,0.00160363,-0.0276311,0.066596,-0.00865498,-5.82077e-11,-4.81384,-0.0222328,-4.67805
35219,12.1088,7.54495,-3.00126,-0.0209097,0.0291208,0.0191146,0.065211,0.00106849,0,0,0,0
35303,3.3697,3.66502,-2.23746,0.00316272,0.00971487,-0.0568876,0.0663501,0.00397075,0,0,0,0
35373,11.9835,14.4146,-1.75462,-0.00813436,0.0160023,-0.0126422,0.0635338,0.0050247,-2.91038e-11,0,0,0
35429,2.89337,1.93366,-4.65293,0.012547,-0.0178976,-0.0258672,0.0621187,0.00778645,0,0,0,0
35485,2.84265,12.7627,-15.9168,0.00168001,0.000957528,0.0205407,0.0591792,0.00614582,5.82077e-11,0,0,0
35552,-6.0039,-3.6718,-5.43042,0.00640903,0.0263771,-0.021652,0.0600697,0.00635049,-2.91038e-11,0,0,0
35627,-0.322965,7.67548,-12.2479,-0.00289857,-0.00734294,-0.00689633,0.059252,0.00604824,-2.91038e-11,0,0,0
35713,-23.9429,-3.59292,-11.1052,-0.0352111,0.0234147,0.0274484,0.0555038,0.00545213,0,0,0,0
35778,-11.0274,-7.918,-0.782686,0.00876936,-0.00086635,-0.00427137,0.0567916,0.00798069,0,0,0,0
35857,2.28023,4.1772,-18.4248,0.00406667,-0.0076988,-0.00534417,0.0525438,0.00594619,-1.45519e-11,0,0,0
35940,-0.0344044,-9.33377,-12.0927,-0.00169587,-0.0125202,0.00764401,0.0533107,0.00837634,2.91038e-11,0,0,0
36035,-13.5497,-10.3525,-0.908296,0.0145092,-0.01392,0.00635232,0.0577138,0.00167457,2.91038e-11,0,0,0
36096,-0.814619,-8.59694,-17.5837,0.00813129,0.0462708,-0.0362269,0.0627974,0.00737811,-1.74623e-10,0,0,0
36173,-2.58465,8.42331,-10.109,-0.0115895,-0.00969626,-0.0308648,0.0607613,0.00408708,0,0,0,0
36228,12.8014,5.51042,6.70186,0.049083,-0.00368737,-0.0358721,0.0590344,0.00824238,0,-4.30503,0.00955349,-4.62883
36293,-10.1678,7.56135,5.94208,-0.0121469,0.0353509,-0.0348572,0.0571832,0.00993753,1.16415e-10,0,0,0
36346,0.050941,-14.5708,10.6552,-0.00832954,-0.0110157,0.0175773,0.0607697,0.00577989,5.82077e-11,0,0,0
36434,-1.78622,4.33603,-7.13759,0.0132902,-0.00435797,-0.0142411,0.0605084,0.00519874,0,0,0,0
36537,15.5655,-1.83361,-22.9041,0.0285254,-0.0319407,0.0111299,0.0589593,0.00661393,0,0,0,0
36590,-7.81104,3.35453,-2.80974,-0.0281058,0.0112133,0.0110944,0.055158,0.00207065,0,0,0,0
36655,-2.78693,-9.76956,-5.64908,-0.000249884,0.0272408,-0.0267228,0.0584649,-0.00229528,0,0,0,0
36741,-0.525988,-0.853413,-5.01839,0.00542852,0.0186009,0.0103654,0.059215,-0.00138845,-2.91038e-11,0,0,0
36848,-2.04629,5.97548,-17.398,-0.0282035,-0.00719017,-0.0206374,0.0566249,-0.00457903,0,0,0,0
36960,2.57047,1.50338,-9.55141,-0.0140776,-0.0104652,0.0312028,0.0539848,-6.34892e-05,2.91038e-11,0,0,0
37028,5.193,4.26186,-2.19315,0.00800731,0.0262467,-0.0263492,0.0524692,0.0033909,-5.82077e-11,0,0,0
37094,-7.13421,6.9722,-1.92626,-0.0141757,-0.00776951,0.00533618,0.0499726,0.00148938,1.45519e-11,0,0,0
37212,2.65547,3.84406,-5.97138,0.0244417,-0.00591136,0.00856343,0.0476308,-0.000587113,0,0,0,0
37284,2.77406,4.8174,-9.16708,-0.0153456,0.0144185,-0.001327,0.052521,0.00257671,0,-3.81796,-0.00764742,-4.6762
37378,0.0723758,-14.9181,-19.1403,0.0111367,0.00991572,0.00940402,0.0555964,0.00599417,-2.91038e-11,0,0,0
37452,0.174305,-7.8076,-22.5807,-0.0265924,-0.00702199,0.0084182,0.0598972,0.00785716,0,0,0,0
37525,-15.6074,19.2396,-2.81529,0.0352935,0.0106534,0.0019841,0.0586827,0.0043095,3.63798e-12,0,0,0
37599,13.6821,-1.85187,-19.6856,0.00838742,-0.00673952,0.0275509,0.0619108,0.00514566,1.16415e-10,0,0,0
37705,-13.879,-4.86362,-2.238,0.000972066,-0.00280954,0.00396602,0.0666808,0.00269463,7.27596e-12,0,0,0
37805,-12.8177,-14.5996,0.0121412,0.010784,-0.00669164,0.00882634,0.0694253,0.000254208,0,0,0,0
37879,10.9017,-17.5789,-25.0059,0.00258953,-0.00695851,-0.0147892,0.075207,-0.00027705,-1.45519e-11,-3.51476,0.00770196,-4.69979
37981,13.4704,-8.62148,-15.5599,-0.00714845,-0.018146,-0.0230001,0.0743563,-0.00228013,0,0,0,0
38046,17.1405,-2.24929,-12.1084,0.00794704,-0.0200654,-0.00536811,0.0796991,-0.0015706,0,0,0,0
38147,-17.5151,-2.71978,-0.981217,-0.0531217,0.0163408,-0.00785085,0.0825419,-0.00566519,0,0,0,0
38221,14.4396,-5.88172,-16.4088,-0.007773,0.0105954,-0.0195141,0.0824997,-0.00318468,0,0,0,0
38338,8.19779,2.30637,-4.38122,0.0242538,-0.00152504,0.0342797,0.0848714,0.000214395,1.16415e-10,0,0,0
38455,0.985397,-3.30442,-23.4702,-0.0186189,-0.00317963,-0.00881416,0.0797686,-0.000518369,-1.45519e-11,0,0,0
38566,2.21262,7.10762,4.10168,0.0191264,0.000989378,-0.00189535,0.0746529,0.00313832,1.81899e-12,0,0,0
38674,5.92492,16.787,-18.9786,0.00598367,-0.00538156,0.000682646,0.07293,0.00234687,-7.27596e-12,0,0,0
38772,4.67569,9.98159,8.33617,-0.0069851,0.0087326,0.0118984,0.0713839,0.000152742,2.91038e-11,0,0,0
38865,15.4275,-12.1212,-3.40251,-0.0118069,-0.000552204,0.016978,0.0699251,0.00432541,0,0,0,0
38965,-0.381631,6.42368,-18.9411,-0.0251981,0.00912532,0.0181244,0.0661485,0.00758909,-5.82077e-11,0,0,0
39078,-3.38508,-2.91153,-5.44765,-0.028717,-0.0133264,-0.0139018,0.0628819,0.00689558,0,0,0,0
39180,-5.0731,2.35031,-21.2197,0.00245998,0.00844519,-0.00370868,0.0687496,0.00786036,-7.27596e-12,0,0,0
39264,10.7639,-3.22777,2.88648,0.0241108,0.0103235,0.0434871,0.0722068,0.00888133,-1.16415e-10,0,0,0
39400,-9.09636,-0.814137,-6.64251,0.0237237,0.0267371,0.0215435,0.0786538,0.00961591,1.16415e-10,0,0,0
39552,3.00638,15.9341,-32.9926,-0.013596,-0.0182452,-0.000725856,0.0764943,0.0120027,-3.63798e-12,0,0,0
39643,9.38654,-6.38873,-5.00439,0.034943,-0.00560699,0.0176719,0.0825271,0.0172965,2.91038e-11,0,0,0
39752,-6.99378,-21.4342,2.41124,-0.00324252,0.0155866,0.0418842,0.0828972,0.0150032,0,0,0,0
39865,3.77512,9.83522,0.801713,-0.00277102,-0.00682319,0.0118039,0.0839853,0.0131008,0,0,0,0
40024,-10.8193,-10.5695,-21.2337,-0.0158306,-0.00891557,0.00493238,0.084564,0.0163207,1.45519e-11,0,0,0
40243,-3.49464,8.79003,-24.1907,0.00337904,-0.0226234,0.00703638,0.0816093,0.020209,7.27596e-12,0,0,0
40396,-7.00439,12.1223,3.72307,-0.0218049,0.0053036,-0.0190898,0.0821754,0.0220279,2.32831e-10,0,0,0
40521,-12.2432,6.29241,-12.6444,0.0217375,-0.00308508,-0.0108344,0.0845509,0.0194154,-2.91038e-11,0,0,0
40606,7.07496,-7.53808,-18.018,0.0210056,0.00620811,0.00145211,0.0866469,0.0192326,-1.45519e-11,0,0,0
40806,4.45389,7.52551,-13.1966,0.00234321,0.0120953,-0.00379611,0.0880845,0.0192055,0,0,0,0
41050,-4.38718,3.0739,3.29158,-0.00464367,0.0232013,-0.0124393,0.0801633,0.0202621,0,0,0,0
41254,-6.01331,-5.17756,-16.229,-0.017745,-0.00345798,0.0191784,0.0710939,0.0145049,5.82077e-11,0,0,0
41387,-14.246,12.3355,-7.53525,0.0123967,-0.011253,-0.00814513,0.0679346,0.00723239,-1.45519e-11,0,0,0
41474,13.9341,-12.4979,-12.9477,0.0453303,-0.0455971,-0.0140187,0.0640755,0.0101814,-5.82077e-11,0,0,0
41568,4.06394,6.45243,-3.78782,0.0353185,-0.0478783,0.00982162,0.0646942,0.011495,2.91038e-11,0,0,0
41629,10.3857,-19.8431,-16.7834,-0.0150776,0.0254078,0.0093233,0.0665824,0.0149751,2.91038e-11,0,0,0
41718,4.00862,-3.02941,-3.66967,0.00210566,-0.0199041,-0.000733261,0.0672196,0.0149799,0,0,0,0
41773,0.475959,-14.9251,-2.00415,-0.00916372,-0.00594126,-0.0207543,0.0649518,0.00893234,0,0,0,0
41870,-14.9178,-15.1486,-23.6219,0.0119481,0.0265805,-0.0113654,0.0631459,0.00613232,0,0,0,0
41946,-4.67756,-1.19941,3.84568,0.0141895,-0.00985145,0.011235,0.0666229,0.00509477,0,0,0,0
42005,-13.0803,11.8476,-15.5388,-0.0180377,0.0136765,-0.00287909,0.0661857,0.00169507,0,0,0,0
42084,2.63918,7.3393,9.568,0.0141315,0.00863793,0.025232,0.0647729,-6.88041e-05,5.82077e-11,0,0,0
42140,10.8698,14.369,-32.8832,0.00500083,0.0202665,-0.0240431,0.0655843,0.00157305,0,0,0,0
42203,-1.19884,-12.8079,-18.5707,0.000834674,0.00662374,-0.00137753,0.0676129,0.000262052,0,0,0,0
42273,-16.4016,18.1042,1.87449,0.00349115,0.0255036,0.0193304,0.063293,-0.00108173,5.82077e-11,0,0,0
42329,-3.3423,1.728,-10.5469,-0.0154205,0.0132735,0.00484272,0.0684894,0.000377792,0,0,0,0
42390,6.31778,2.18821,-19.9081,0.0195264,0.00305905,-0.0217162,0.0686994,0.00112934,0,0,0,0
42456,4.80514,-1.10761,-17.6622,0.00602762,0.00309291,0.00373072,0.0666318,0.00383745,-1.45519e-11,0,0,0
42528,10.2865,0.824513,4.0755,0.00473843,0.0358043,-0.0185334,0.064585,0.0119438,-2.91038e-11,0,0,0
42629,3.09967,7.70311,-18.6037,0.0164342,-0.00167542,0.0107294,0.0649052,0.0114806,2.91038e-11,0,0,0
42696,-2.76439,-5.69156,-0.0845213,0.014303,0.0109756,0.0044349,0.0650787,0.0118428,0,0,0,0
42756,2.79092,9.80012,-3.22306,0.0117929,0.0178906,-0.0049209,0.0641204,0.0141117,7.27596e-12,0,0,0
42813,-4.89571,9.65194,-6.37674,0.0033351,0.0065487,0.0103555,0.0628075,0.0132644,0,0,0,0
42871,0.700682,-2.96172,-9.85761,0.0298086,0.0390856,0.0177507,0.0600021,0.0155331,0,0,0,0
42933,14.3898,8.58681,-9.50546,-0.0204462,-0.0045355,-0.0144709,0.0630769,0.0161068,0,0,0,0
42982,-11.7676,-1.52217,-31.9206,0.00694933,0.0182261,-0.0101264,0.0644827,0.0139868,-1.45519e-11,0,0,0
43035,-11.4353,3.77531,-14.4688,0.0126063,0.0100164,-0.00830298,0.0646399,0.01262,0,0,0,0
43097,-12.5845,8.67122,-18.8568,-0.0372626,0.0122032,-0.0122508,0.0645041,0.0112918,0,0,0,0
43149,-2.02769,5.5944,-20.1199,0.0110891,0.00472492,-0.0130536,0.064956,0.0113448,-5.82077e-11,0,0,0
43193,7.47287,5.67659,-1.34477,0.0242641,-0.00343226,-0.00544077,0.0642538,0.0135627,-1.45519e-11,0,0,0
43249,-1.71284,12.6195,-13.5622,0.00573135,-0.00377557,-0.00590855,0.0617216,0.0123298,-7.27596e-12,0,0,0
43300,16.8456,-5.71353,-16.9844,0.0131179,0.00479026,0.0182102,0.0624261,0.0142525,5.82077e-11,0,0,0
43351,-4.33562,-3.21279,-27.735,-0.00661759,0.0565127,-0.00713539,0.0637189,0.0146842,-7.27596e-12,0,0,0
43411,23.6097,-22.4383,5.25604,-0.0217038,0.0127505,-0.0112316,0.0671172,0.0165143,-1.45519e-11,0,0,0
43471,-10.6042,-4.83904,-20.7942,0.0101269,0.00253178,0.00346035,0.0665741,0.0146933,0,0,0,0
43526,10.453,-10.3641,-14.3045,0.00387314,-0.0352293,0.00741266,0.0693173,0.0142317,0,0,0,0
43577,10.453,-10.3641,-14.3045,0.00387314,-0.0352293,0.00741266,0.0693173,0.0142317,0,0,0,0
43634,2.65018,5.64507,-3.32134,0.0147698,-0.00735842,0.00282887,0.0685875,0.0147586,0,0,0,0
43684,4.23635,-17.3685,-12.3338,0.00295296,0.000130231,0.0239278,0.0699526,0.0150914,0,0,0,0
43753,2.60948,1.43405,-12.3546,0.00755845,0.00955116,0.017304,0.0683896,0.0165954,5.82077e-11,0,0,0
43811,-15.9496,2.608,-20.1249,-0.0198234,-0.00524107,-0.0103029,0.0693799,0.0171165,1.45519e-11,0,0,0
43877,24.8724,12.1866,12.0605,0.0135347,0.00386185,-0.00424659,0.0664435,0.0222033,1.45519e-11,0,0,0
43926,24.8724,12.1866,12.0605,0.0135347,0.00386185,-0.00424659,0.0664435,0.0222033,1.45519e-11,0,0,0
43992,6.75875,0.0302525,-2.07163,0.0215673,-0.00671229,-0.0196622,0.0674331,0.0207701,-2.91038e-11,0,0,0
44044,-13.5331,-4.05781,-3.01436,-0.0278606,0.0287508,0.00860695,0.0661065,0.0180472,1.45519e-11,0,0,0
44107,-3.092,-11.6125,-15.3827,-0.0101311,0.0101477,0.0259347,0.0648981,0.0193401,5.82077e-11,0,0,0
44157,-3.092,-11.6125,-15.3827,-0.0101311,0.0101477,0.0259347,0.0648981,0.0193401,5.82077e-11,0,0,0
44212,-16.7368,-5.02892,-18.5688,-0.0243195,-0.0210765,-0.0107065,0.0648554,0.0166979,0,0,0,0
44271,14.4848,-7.68729,-10.4002,0.0154581,0.0157367,0.0113392,0.0671577,0.0172121,5.82077e-11,0,0,0
44324,1.14814,-5.68965,-17.0596,0.0278679,-0.00728694,0.0130117,0.0677994,0.0160322,1.45519e-11,0,0,0
44370,13.8719,-8.08495,-21.0441,-0.0068993,0.00818729,0.00571094,0.0677411,0.0186783,7.27596e-12,0,0,0
44429,7.11769,3.56123,-12.3881,-0.0155885,-0.00487837,0.011344,0.0695444,0.0185123,2.91038e-11,0,0,0
44490,1.34029,-1.77218,-14.8289,0.0137098,0.0167227,0.00152623,0.0712338,0.0187871,7.27596e-12,0,0,0
44541,6.61339,-19.578,-18.6883,-0.0307593,0.00675184,-0.00578274,0.0721807,0.0203396,7.27596e-12,0,0,0
44591,6.61339,-19.578,-18.6883,-0.0307593,0.00675184,-0.00578274,0.0721807,0.0203396,7.27596e-12,0,0,0
44650,-6.56163,9.71021,-8.47271,0.00216154,-0.0162263,-0.0379234,0.0695399,0.0200573,1.16415e-10,0,0,0
44710,0.0288598,-9.88682,-2.75473,-0.0194731,-0.00452186,-0.0075685,0.0729534,0.0191209,0,0,0,0
44765,12.6784,-1.04945,-9.4029,0.0142162,-0.000484341,0.0137005,0.0717125,0.0203354,2.91038e-11,0,0,0
44827,-15.5027,-8.37462,-18.0273,-0.00455154,0.030179,0.0211422,0.0720132,0.0185255,0,0,0,0
44880,-15.5027,-8.37462,-18.0273,-0.00455154,0.030179,0.0211422,0.0720132,0.0185255,0,0,0,0
44927,-15.5027,-8.37462,-18.0273,-0.00455154,0.030179,0.0211422,0.0720132,0.0185255,0,0,0,0
44990,-15.5027,-8.37462,-18.0273,-0.00455154,0.030179,0.0211422,0.0720132,0.0185255,0,0,0,0
45039,-15.5027,-8.37462,-18.0273,-0.00455154,0.030179,0.0211422,0.0720132,0.0185255,0,0,0,0
45101,-8.74188,-7.71688,-7.30481,-0.00394956,-0.0231371,-0.0127422,0.0557002,0.00956188,-5.82077e-11,0,0,0
45169,-6.91799,10.0517,-3.41789,0.00963748,0.03229,-0.0159672,0.0567348,0.0133739,0,0,0,0
45224,-0.553791,-6.71274,-5.58855,0.0516746,-0.00186356,-0.0141251,0.0583086,0.0127846,0,0,0,0
45275,10.4108,16.2054,-28.5017,0.0312434,-0.00309594,-0.000402823,0.0565502,0.0135385,0,0,0,0
45327,-15.1047,-8.39432,-17.496,-0.00150956,-0.00777157,0.011725,0.0573809,0.0114722,2.91038e-11,0,0,0
45388,-0.808131,5.45231,-17.9535,-0.00728474,-0.0386657,-0.00984782,0.0586377,0.013213,0,0,0,0
45450,-10.5993,-0.216524,-0.962705,-0.0112808,-0.010473,-0.00670172,0.0581493,0.0112757,-1.45519e-11,0,0,0
45509,18.3859,15.4919,-5.917,-0.0032541,-0.00561416,0.0382574,0.0587032,0.0123173,0,0,0,0
45560,17.4146,-1.86849,-12.7255,0.0121444,-0.0145132,0.014391,0.0601305,0.0139081,5.82077e-11,0,0,0
45614,-2.55878,5.56219,-19.4473,-0.0168816,-0.0154547,0.0290615,0.0614811,0.0123127,0,0,0,0
45668,-21.9181,13.5552,3.16708,0.0180979,-0.00377984,-0.0207967,0.0596456,0.00972026,0,0,0,0
45712,-2.20601,-7.94786,-22.3091,0.0322644,-0.0100132,0.00319299,0.0617548,0.00962147,0,0,0,0
45761,17.3119,1.61527,-14.6223,0.0297791,0.00633001,-0.00229716,0.0623196,0.0120047,0,0,0,0
45831,-15.5287,0.807253,2.65672,-0.00242533,-0.0163979,-0.0220255,0.0584525,0.0059015,-5.82077e-11,0,0,0
45889,7.69744,-9.26956,-12.5758,-0.0128633,-0.00409972,-0.0073766,0.0587607,0.00690026,0,0,0,0
45945,-9.11314,5.41686,-8.13453,0.0130979,-0.0159571,-0.0225741,0.0547381,0.0026033,0,0,0,0
46012,-7.58823,-14.506,-8.4014,-0.00336699,0.0107482,0.00811542,0.056544,0.00166871,-1.45519e-11,0,0,0
46064,16.7228,-11.0392,10.0355,0.017015,-0.00685418,0.0225119,0.0594842,0.00455953,-5.82077e-11,0,0,0
46116,16.0422,0.105735,0.0457239,0.0199198,0.0229703,-0.0162356,0.0583495,0.00950534,-2.91038e-11,0,0,0
46169,-7.66304,-13.8708,-6.41115,-0.0181568,0.0415,-0.00140005,0.0587604,0.00817565,0,0,0,0
46233,-11.8867,-1.26286,-27.1926,0.00611058,0.0413882,-0.00650662,0.0594966,0.0105911,-2.91038e-11,0,0,0
46293,3.75352,-9.2198,-14.3289,0.00582306,-0.0248149,0.0132575,0.060591,0.0105668,2.91038e-11,0,0,0
46347,-10.7451,7.94902,-2.86127,-0.0217304,0.0117362,-0.00744798,0.0578086,0.00708602,0,0,0,0
46413,-9.03482,-15.3706,1.58514,0.0347948,0.035001,-0.00860423,0.0618677,0.0066141,1.45519e-11,0,0,0
46469,7.0213,-12.3817,-32.2192,0.00494492,0.0107448,0.0280488,0.0631131,0.00699116,0,0,0,0
46522,-11.8012,-19.5751,8.96164,0.000982662,-0.0351909,-0.0188207,0.0625773,0.00410256,-1.16415e-10,0,0,0
46570,0.78595,17.9142,-19.4829,0.010562,-0.0227684,0.000803651,0.0618755,0.00331003,0,0,0,0
46619,-12.5206,15.2483,-16.3814,-0.0212644,-0.028334,-0.0326475,0.0536888,0.000778034,0,0,0,0
46681,18.9653,-16.1517,-9.1256,0.00486649,-0.0320244,-0.0126272,0.0578047,0.00128056,0,0,0,0
46734,15.9055,13.8008,-22.8126,0.0439865,0.0181292,0.00412712,0.0549659,0.00368639,7.27596e-12,0,0,0
46793,-15.7036,-2.7645,-13.9187,0.0212081,-0.000580592,0.0249265,0.0564457,0.00037155,-5.82077e-11,0,0,0
46844,-1.56499,-10.9318,-10.6641,-0.00562894,0.0052947,0.0139681,0.0532239,0.000154241,2.91038e-11,0,0,0
46895,15.7233,-9.34222,-4.68979,0.045109,-0.0299408,-0.00539819,0.0558817,0.00143938,2.91038e-11,0,0,0
49801,9.6732,-1.32508,-3.75036,-0.0133178,0.00941499,-0.0169986,0.0547258,0.00591709,-2.91038e-11,0,0,0
49858,-14.2508,-12.5829,-12.6607,-0.00456602,0.00842,-0.011566,0.0400207,0.0118179,0,0,0,0
49913,7.80955,6.02031,-30.154,-0.0117657,0.00675358,0.0305813,0.0362389,0.0101641,-1.16415e-10,0,0,0
49968,6.25887,-9.8585,-16.7966,-0.00178264,-0.00759679,-0.0146945,0.0348673,0.0103638,-2.91038e-11,0,0,0
