t,x_r,y_r,z_r,v_x_r,v_y_r,v_z_r,psi_r
1047,0,0,-4.5,0,0,-4.5,0
1060,0,0,-4.5,0,0,-4.5,0
1070,0,0,-4.5,0,0,-4.44091,0
1081,0,0,-4.5,0,0,-4.38778,0
1091,0,0,-4.5,0,0,-4.32991,0
1102,0,0,-4.5,0,0,-4.27788,0
1112,0,0,-4.5,0,0,-4.22123,0
1123,0,0,-4.5,0,0,-4.17029,0
1134,0,0,-4.5,0,0,-4.11483,0
1144,0,0,-4.5,0,0,-4.06498,0
1156,0,0,-4.5,0,0,-4.0107,0
1168,0,0,-4.5,0,0,-3.95216,0
1179,0,0,-4.5,0,0,-3.89434,0
1189,0,0,-4.5,0,0,-3.84677,0
1198,0,0,-4.5,0,0,-3.80439,0
1209,0,0,-4.5,0,0,-3.75309,0
1219,0,0,-4.5,0,0,-3.70699,0
1230,0,0,-4.5,0,0,-3.66138,0
1241,0,0,-4.5,0,0,-3.61174,0
1253,0,0,-4.5,0,0,-3.56269,0
1263,0,0,-4.5,0,0,-3.51862,0
1274,0,0,-4.5,0,0,-3.47938,0
1284,0,0,-4.5,0,0,-3.43189,0
1295,0,0,-4.5,0,0,-3.38923,0
1306,0,0,-4.5,0,0,-3.34703,0
1318,0,0,-4.5,0,0,-3.30112,0
1328,0,0,-4.5,0,0,-3.25576,0
1339,0,0,-4.5,0,0,-3.21095,0
1349,0,0,-4.5,0,0,-3.17071,0
1359,0,0,-4.5,0,0,-3.13091,0
1371,0,0,-4.5,0,0,-3.08762,0
1382,0,0,-4.5,0,0,-3.04875,0
1394,0,0,-4.5,0,0,-3.00262,0
1406,0,0,-4.5,0,0,-2.95711,0
1417,0,0,-4.5,0,0,-2.9197,0
1429,0,0,-4.5,0,0,-2.87901,0
1440,0,0,-4.5,0,0,-2.84249,0
1452,0,0,-4.5,0,0,-2.80276,0
1463,0,0,-4.5,0,0,-2.75997,0
1474,0,0,-4.5,0,0,-2.7248,0
1487,0,0,-4.5,0,0,-2.68655,0
1499,0,0,-4.5,0,0,-2.63849,0
1509,0,0,-4.5,0,0,-2.60134,0
1520,0,0,-4.5,0,0,-2.56799,0
1530,0,0,-4.5,0,0,-2.53174,0
1541,0,0,-4.5,0,0,-2.4992,0
1552,0,0,-4.5,0,0,-2.46382,0
1564,0,0,-4.5,0,0,-2.4289,0
1577,0,0,-4.5,0,0,-2.39443,0
1592,0,0,-4.5,0,0,-2.34804,0
1605,0,0,-4.5,0,0,-2.3055,0
1620,0,0,-4.5,0,0,-2.26964,0
1631,0,0,-4.5,0,0,-2.2284,0
1645,0,0,-4.5,0,0,-2.19364,0
1657,0,0,-4.5,0,0,-2.15652,0
1670,0,0,-4.5,0,0,-2.12279,0
1684,0,0,-4.5,0,0,-2.08955,0
1701,0,0,-4.5,0,0,-2.05132,0
1713,0,0,-4.5,0,0,-2.01105,0
1724,0,0,-4.5,0,0,-1.98206,0
1737,0,0,-4.5,0,0,-1.95345,0
1749,0,0,-4.5,0,0,-1.92266,0
1760,0,0,-4.5,0,0,-1.89484,0
1774,0,0,-4.5,0,0,-1.8674,0
1786,0,0,-4.5,0,0,-1.83541,0
1796,0,0,-4.5,0,0,-1.80876,0
1809,0,0,-4.5,0,0,-1.78009,0
1822,0,0,-4.5,0,0,-1.7542,0
1834,0,0,-4.5,0,0,-1.72633,0
1847,0,0,-4.5,0,0,-1.69888,0
1859,0,0,-4.5,0,0,-1.66958,0
1872,0,0,-4.5,0,0,-1.64075,0
1884,0,0,-4.5,0,0,-1.61675,0
1897,0,0,-4.5,0,0,-1.59308,0
1910,0,0,-4.5,0,0,-1.56761,0
1923,0,0,-4.5,0,0,-1.54043,0
1935,0,0,-4.5,0,0,-1.51575,0
1947,0,0,-4.5,0,0,-1.49144,0
1960,0,0,-4.5,0,0,-1.4675,0
1973,0,0,-4.5,0,0,-1.43998,0
1985,0,0,-4.5,0,0,-1.41682,0
1998,0,0,-4.5,0,0,-1.394,0
2010,0,0,-4.5,0,0,-1.36966,0
2024,0,0,-4.5,0,0,-1.34757,0
2036,0,0,-4.5,0,0,-1.32399,0
2049,0,0,-4.5,0,0,-1.30259,0
2062,0,0,-4.5,0,0,-1.27976,0
2076,0,0,-4.5,0,0,-1.25385,0
2089,0,0,-4.5,0,0,-1.23182,0
2104,0,0,-4.5,0,0,-1.2085,0
2119,0,0,-4.5,0,0,-1.18396,0
2138,0,0,-4.5,0,0,-1.1631,0
2152,0,0,-4.5,0,0,-1.13313,0
2168,0,0,-4.5,0,0,-1.11004,0
2184,0,0,-4.5,0,0,-1.08891,0
2200,0,0,-4.5,0,0,-1.06668,0
2215,0,0,-4.5,0,0,-1.04343,0
2232,0,0,-4.5,0,0,-1.02493,0
2249,0,0,-4.5,0,0,-0.999752,0
2262,0,0,-4.5,0,0,-0.977894,0
2278,0,0,-4.5,0,0,-0.960505,0
2294,0,0,-4.5,0,0,-0.939467,0
2319,0,0,-4.5,0,0,-0.915007,0
2335,0,0,-4.5,0,0,-0.88488,0
2353,0,0,-4.5,0,0,-0.86786,0
2382,0,0,-4.5,0,0,-0.840414,0
2396,0,0,-4.5,0,0,-0.813799,0
2416,0,0,-4.5,0,0,-0.799214,0
2444,0,0,-4.5,0,0,-0.768339,0
2462,0,0,-4.5,0,0,-0.743919,0
2475,0,0,-4.5,0,0,-0.72848,0
2505,0,0,-4.5,0,0,-0.710323,0
2521,0,0,-4.5,0,0,-0.684725,0
2533,0,0,-4.5,0,0,-0.673321,0
2564,0,0,-4.5,0,0,-0.65088,0
2579,0,0,-4.5,0,0,-0.63459,0
2597,0,0,-4.5,0,0,-0.619576,0
2619,0,0,-4.5,0,0,-0.604906,0
2644,0,0,-4.5,0,0,-0.582983,0
2657,0,0,-4.5,0,0,-0.569151,0
2688,0,0,-4.5,0,0,-0.551661,0
2702,0,0,-4.5,0,0,-0.534692,0
2720,0,0,-4.5,0,0,-0.521222,0
2741,0,0,-4.5,0,0,-0.511001,0
2767,0,0,-4.5,0,0,-0.491664,0
2788,0,0,-4.5,0,0,-0.477866,0
2810,0,0,-4.5,0,0,-0.463102,0
2834,0,0,-4.5,0,0,-0.447479,0
2858,0,0,-4.5,0,0,-0.432368,0
2881,0,0,-4.5,0,0,-0.420188,0
2902,0,0,-4.5,0,0,-0.405974,0
2924,0,0,-4.5,0,0,-0.393946,0
2943,0,0,-4.5,0,0,-0.383933,0
2976,0,0,-4.5,0,0,-0.370914,0
2993,0,0,-4.5,0,0,-0.355701,0
3028,0,0,-4.5,0,0,-0.348148,0
3047,0,0,-4.5,0,0,-0.329901,0
3071,0,0,-4.5,0,0,-0.320075,0
3088,0,0,-4.5,0,0,-0.31008,0
3109,0,0,-4.5,0,0,-0.302151,0
3128,0,0,-4.5,0,0,-0.293132,0
3151,0,0,-4.5,0,0,-0.285211,0
3167,0,0,-4.5,0,0,-0.277092,0
3188,0,0,-4.5,0,0,-0.269989,0
3207,0,0,-4.5,0,0,-0.26268,0
3241,0,0,-4.5,0,0,-0.250321,0
3260,0,0,-4.5,0,0,-0.243176,0
3275,0,0,-4.5,0,0,-0.237272,0
3307,0,0,-4.5,0,0,-0.23083,0
3324,0,0,-4.5,0,0,-0.22093,0
3348,0,0,-4.5,0,0,-0.215872,0
3382,0,0,-4.5,0,0,-0.208147,0
3397,0,0,-4.5,0,0,-0.198605,0
3417,0,0,-4.5,0,0,-0.194618,0
3446,0,0,-4.5,0,0,-0.187919,0
3462,0,0,-4.5,0,0,-0.180906,0
3488,0,0,-4.5,0,0,-0.177009,0
3513,0,0,-4.5,0,0,-0.170142,0
3531,0,0,-4.5,0,0,-0.163782,0
3549,0,0,-4.5,0,0,-0.159776,0
3574,0,0,-4.5,0,0,-0.155636,0
3591,0,0,-4.5,0,0,-0.150706,0
3611,0,0,-4.5,0,0,-0.146146,0
3629,0,0,-4.5,0,0,-0.142776,0
3650,0,0,-4.5,0,0,-0.13907,0
3666,0,0,-4.5,0,0,-0.134857,0
3679,0,0,-4.5,0,0,-0.132327,0
3716,0,0,-4.5,0,0,-0.129461,0
3739,0,0,-4.5,0,0,-0.122543,0
3768,0,0,-4.5,0,0,-0.117229,0
3783,0,0,-4.5,0,0,-0.113838,0
3802,0,0,-4.5,0,0,-0.111367,0
3819,0,0,-4.5,0,0,-0.108627,0
3845,0,0,-4.5,0,0,-0.105324,0
3861,0,0,-4.5,0,0,-0.101967,0
3874,0,0,-4.5,0,0,-0.099751,0
3908,0,0,-4.5,0,0,-0.09657,0
3924,0,0,-4.5,0,0,-0.0930686,0
3943,0,0,-4.5,0,0,-0.0909081,0
3976,0,0,-4.5,0,0,-0.0872135,0
3994,0,0,-4.5,0,0,-0.0843005,0
4008,0,0,-4.5,0,0,-0.0822186,0
4038,0,0,-4.5,0,0,-0.0799484,0
4058,0,0,-4.5,0,0,-0.076694,0
4095,0,0,-4.5,0,0,-0.0747976,0
4123,0,0,-4.5,0,0,-0.0704446,0
4144,0,0,-4.5,0,0,-0.0676751,0
4168,0,0,-4.5,0,0,-0.0654078,0
4181,0,0,-4.5,0,0,-0.0635967,0
4205,0,0,-4.5,0,0,-0.0622063,0
4218,0,0,-4.5,0,0,-0.0602107,0
4251,0,0,-4.5,0,0,-0.0588932,0
4271,0,0,-4.5,0,0,-0.0560579,0
4290,0,0,-4.5,0,0,-0.054667,0
4315,0,0,-4.5,0,0,-0.0527515,0
4335,0,0,-4.5,0,0,-0.0511336,0
4356,0,0,-4.5,0,0,-0.0496397,0
4385,0,0,-4.5,0,0,-0.0480437,0
4402,0,0,-4.5,0,0,-0.0462174,0
4424,0,0,-4.5,0,0,-0.0450006,0
4447,0,0,-4.5,0,0,-0.0436182,0
4468,0,0,-4.5,0,0,-0.0420866,0
4493,0,0,-4.5,0,0,-0.0409775,0
4516,0,0,-4.5,0,0,-0.0390577,0
4604,0,0,-4.5,0,0,-0.0381994,0
4630,0,0,-4.5,0,0,-0.0332747,0
4656,0,0,-4.5,0,0,-0.0316639,0
4675,0,0,-4.5,0,0,-0.0306883,0
4691,0,0,-4.5,0,0,-0.0299225,0
4725,0,0,-4.5,0,0,-0.0286045,0
4744,0,0,-4.5,0,0,-0.0277224,0
4765,0,0,-4.5,0,0,-0.0269895,0
4790,0,0,-4.5,0,0,-0.0259585,0
4810,0,0,-4.5,0,0,-0.0252337,0
4835,0,0,-4.5,0,0,-0.024529,0
4861,0,0,-4.5,0,0,-0.0234108,0
4876,0,0,-4.5,0,0,-0.0227909,0
4904,0,0,-4.5,0,0,-0.0220199,0
4926,0,0,-4.5,0,0,-0.021307,0
4942,0,0,-4.5,0,0,-0.020617,0
4976,0,0,-4.5,0,0,-0.0201316,0
4990,0,0,-4.5,0,0,-0.0191531,0
5018,0,0,-4.5,0,0,-0.0187583,0
5037,0,-0,-4.5,0,-0,-0.0179567,0
5055,0,-0,-4.5,0,-0,-0.0174804,0
5076,0,-0,-4.5,0,-0,-0.0169392,0
5105,0.130531,-0.130531,-4.5,0.261062,-0.261062,-0.0164146,0
5127,0.130531,-0.130531,-4.5,0.261062,-0.261062,-0.0157127,0
5141,0.25054,-0.25054,-4.5,0.50108,-0.50108,-0.0152726,0
5183,0.25054,-0.25054,-4.5,0.50108,-0.50108,-0.0147543,0
5209,0.377042,-0.377042,-4.5,0.753623,-0.753623,-0.0140653,0
5251,0.377042,-0.377042,-4.5,0.752224,-0.752222,-0.0135641,0
5267,0.545634,-0.545634,-4.5,1.08378,-1.08373,-0.0130939,0
5286,0.545634,-0.545634,-4.5,1.07859,-1.07844,-0.0132236,0
5307,0.545634,-0.545634,-4.5,1.07086,-1.0705,-0.0136876,0
5333,0.674782,-0.674782,-4.5,1.3171,-1.31629,-0.0147071,0
5349,0.674782,-0.674782,-4.5,1.30142,-1.29987,-0.0164051,0
5501,1.0944,-1.0944,-4.5,2.12623,-2.12384,-0.0182214,0
5518,1.0944,-1.0944,-4.5,1.97794,-1.96614,-0.0381613,0
5540,1.0944,-1.0944,-4.5,1.94352,-1.92864,-0.0439715,0
5556,1.20734,-1.20734,-4.5,2.11903,-2.09962,-0.0524201,0
5574,1.20734,-1.20734,-4.5,2.08393,-2.06087,-0.0586691,0
5599,1.20734,-1.20734,-4.5,2.02823,-1.99873,-0.0690656,0
5618,1.20734,-1.20734,-4.5,1.965,-1.92718,-0.0815859,0
5644,1.20734,-1.20734,-4.5,1.90275,-1.85583,-0.0945091,0
5666,1.20734,-1.20734,-4.5,1.81937,-1.75966,-0.112194,0
5685,1.44353,-1.44353,-4.5,2.21219,-2.1402,-0.12904,0
5703,1.44353,-1.44353,-4.5,2.15429,-2.0739,-0.140887,0
5730,1.44353,-1.44353,-4.5,2.05393,-1.96005,-0.160606,0
5749,1.55478,-1.55478,-4.5,2.18302,-2.07855,-0.177481,0
5771,1.55478,-1.55478,-4.5,2.08134,-1.96746,-0.194333,0
5788,1.55478,-1.55478,-4.5,2.01282,-1.89415,-0.204608,0
5811,1.55478,-1.55478,-4.5,1.93405,-1.81101,-0.215627,0
5831,1.67037,-1.67037,-4.5,2.04793,-1.92029,-0.230763,0
5849,1.67037,-1.67037,-4.5,1.96722,-1.83822,-0.239973,0
5877,1.67037,-1.67037,-4.5,1.85313,-1.72382,-0.251955,0
5897,1.75571,-1.75571,-4.5,1.91968,-1.79204,-0.261675,0
5913,1.75571,-1.75571,-4.5,1.82121,-1.69667,-0.269933,0
5946,1.75571,-1.75571,-4.5,1.74721,-1.62599,-0.275547,0
5965,1.82696,-1.82696,-4.5,1.73006,-1.61745,-0.286811,0
5979,1.82696,-1.82696,-4.5,1.66393,-1.55608,-0.29074,0
6012,1.82696,-1.82696,-4.5,1.58163,-1.4802,-0.2953,0
6029,1.88557,-1.88557,-4.5,1.57621,-1.48515,-0.301504,0
6047,1.88557,-1.88557,-4.5,1.51114,-1.42613,-0.304328,0
6080,1.93172,-1.93172,-4.5,1.51999,-1.44299,-0.307644,0
6094,1.93172,-1.93172,-4.5,1.40449,-1.33893,-0.311689,0
6126,1.93172,-1.93172,-4.5,1.32731,-1.26958,-0.313855,0
6142,1.96288,-1.96288,-4.5,1.2972,-1.24882,-0.316,0
6156,1.96288,-1.96288,-4.5,1.24942,-1.20579,-0.316804,0
6204,1.98648,-1.98648,-4.5,1.21316,-1.17766,-0.317922,0
6230,1.98648,-1.98648,-4.5,1.08484,-1.06135,-0.318834,0
6254,1.99752,-1.99752,-4.5,1.02573,-1.00914,-0.318554,0
6277,1.99752,-1.99752,-4.5,0.950889,-0.940147,-0.31777,0
6306,1.99752,-1.99752,-4.5,0.892929,-0.886287,-0.316763,0
6333,1.99882,-1.99882,-4.5,0.804874,-0.804108,-0.314692,0
6357,1.99882,-1.99882,-4.5,0.762091,-0.763687,-0.313327,0
6383,1.99882,-1.99882,-4.5,0.688807,-0.69413,-0.31067,0
6408,1.98317,-1.98317,-4.5,0.606635,-0.614166,-0.308429,0
6432,1.98317,-1.98317,-4.5,0.553452,-0.563037,-0.30579,0
6456,1.98317,-1.98317,-4.5,0.490151,-0.501882,-0.302265,0
6473,1.95168,-1.95168,-4.5,0.393576,-0.406272,-0.300135,0
6514,1.95168,-1.95168,-4.5,0.351813,-0.365615,-0.297311,0
6531,1.91686,-1.91686,-4.5,0.219323,-0.234635,-0.292712,0
6564,1.91686,-1.91686,-4.5,0.183431,-0.199495,-0.289747,0
6583,1.86936,-1.86936,-4.5,0.0458341,-0.0627663,-0.285987,0
6598,1.86936,-1.86936,-4.5,0.0237982,-0.0411835,-0.283869,0
6636,1.86936,-1.86936,-4.5,-0.016216,-0.00203586,-0.279844,0
6655,1.80623,-1.80623,-4.5,-0.167139,0.148269,-0.277115,0
6687,1.80623,-1.80623,-4.5,-0.191022,0.171444,-0.274286,0
6703,1.73769,-1.73769,-4.5,-0.352958,0.332469,-0.271069,0
6717,1.73769,-1.73769,-4.5,-0.362652,0.341691,-0.269626,0
6752,1.73769,-1.73769,-4.5,-0.376662,0.354891,-0.267371,0
6775,1.6554,-1.6554,-4.5,-0.554001,0.531211,-0.264946,0
6803,1.6554,-1.6554,-4.5,-0.56106,0.537328,-0.263134,0
6821,1.6554,-1.6554,-4.5,-0.565545,0.54064,-0.261256,0
6836,1.5615,-1.5615,-4.5,-0.753403,0.727726,-0.260235,0
6874,1.5615,-1.5615,-4.5,-0.751887,0.725509,-0.259437,0
6891,1.46811,-1.46811,-4.5,-0.931526,0.903389,-0.257679,0
6927,1.46811,-1.46811,-4.5,-0.923232,0.894129,-0.256969,0
6944,1.37816,-1.37816,-4.5,-1.08591,1.05525,-0.256077,0
6966,1.37816,-1.37816,-4.5,-1.07489,1.0435,-0.255831,0
6995,1.37816,-1.37816,-4.5,-1.05166,1.01891,-0.255549,0
7019,1.24753,-1.24753,-4.5,-1.28978,1.25591,-0.255574,0
7061,1.24753,-1.24753,-4.5,-1.25522,1.21988,-0.255894,0
7077,1.12006,-1.12006,-4.5,-1.46461,1.42767,-0.256617,0
7114,1.12006,-1.12006,-4.5,-1.43693,1.39921,-0.257114,0
7134,0.992136,-0.992136,-4.5,-1.63339,1.59416,-0.258332,0
7156,0.992136,-0.992136,-4.5,-1.60346,1.5636,-0.259046,0
7184,0.992136,-0.992136,-4.5,-1.54823,1.50729,-0.260472,0
7202,0.849491,-0.849491,-4.5,-1.78412,1.74232,-0.261866,0
7240,0.849491,-0.849491,-4.5,-1.72451,1.68175,-0.263651,0
7257,0.717799,-0.717799,-4.5,-1.91681,1.87306,-0.265831,0
7276,0.717799,-0.717799,-4.5,-1.87501,1.8308,-0.267052,0
7311,0.560765,-0.560765,-4.5,-2.11334,2.06837,-0.269256,0
7332,0.560765,-0.560765,-4.5,-2.02455,1.97888,-0.271787,0
7367,0.560765,-0.560765,-4.5,-1.93631,1.89011,-0.274291,0
7391,0.407261,-0.407261,-4.5,-2.15376,2.10718,-0.276714,0
7430,0.407261,-0.407261,-4.5,-2.08329,2.03651,-0.2786,0
7451,0.248716,-0.248716,-4.5,-2.26539,2.21839,-0.282031,0
7478,0.248716,-0.248716,-4.5,-2.20362,2.15671,-0.28334,0
7498,0.103619,-0.103619,-4.5,-2.39384,2.34723,-0.285265,0
7519,0.103619,-0.103619,-4.5,-2.31778,2.27157,-0.286473,0
7540,0.103619,-0.103619,-4.5,-2.23642,2.19077,-0.287571,0
7572,-0.0370047,0.0370047,-4.5,-2.43094,2.38601,-0.288518,0
7588,-0.0370047,0.0370047,-4.5,-2.31848,2.27463,-0.289498,0
7614,-0.0370047,0.0370047,-4.5,-2.23634,2.1934,-0.289993,0
7637,-0.214942,0.214942,-4.5,-2.48819,2.44651,-0.29039,0
7659,-0.214942,0.214942,-4.5,-2.39088,2.35045,-0.290539,0
7675,-0.214942,0.214942,-4.5,-2.30086,2.26166,-0.290469,0
7715,-0.351681,0.351681,-4.5,-2.50514,2.46692,-0.290248,0
7732,-0.476989,0.476989,-4.5,-2.59016,2.55435,-0.289474,0
7756,-0.476989,0.476989,-4.5,-2.50595,2.4714,-0.288798,0
7778,-0.476989,0.476989,-4.5,-2.39451,2.36165,-0.287695,0
7800,-0.629026,0.629026,-4.5,-2.60413,2.57268,-0.286582,0
7818,-0.629026,0.629026,-4.5,-2.52237,2.49211,-0.285545,0
7855,-0.629026,0.629026,-4.5,-2.40786,2.37922,-0.284026,0
7869,-0.77944,0.77944,-4.5,-2.56984,2.54307,-0.282047,0
7909,-0.77944,0.77944,-4.5,-2.50417,2.47822,-0.281065,0
7929,-0.915899,0.915899,-4.5,-2.57903,2.55547,-0.278018,0
7948,-0.915899,0.915899,-4.5,-2.50257,2.47984,-0.276712,0
7976,-0.915899,0.915899,-4.5,-2.37773,2.35631,-0.274513,0
7993,-1.0621,1.0621,-4.5,-2.56863,2.54819,-0.272625,0
8014,-1.0621,1.0621,-4.5,-2.49576,2.47601,-0.271217,0
8043,-1.0621,1.0621,-4.5,-2.35942,2.34088,-0.268492,0
8060,-1.19072,1.19072,-4.5,-2.51414,2.49647,-0.266291,0
8091,-1.19072,1.19072,-4.5,-2.4359,2.41887,-0.264534,0
8109,-1.30452,1.30452,-4.5,-2.49717,2.48145,-0.260664,0
8133,-1.30452,1.30452,-4.5,-2.42389,2.40873,-0.25882,0
8164,-1.30452,1.30452,-4.5,-2.30184,2.28759,-0.25566,0
8182,-1.4185,1.4185,-4.5,-2.39824,2.38494,-0.252094,0
8197,-1.4185,1.4185,-4.5,-2.31559,2.30287,-0.249757,0
8218,-1.50914,1.50914,-4.5,-2.40956,2.39743,-0.247222,0
8240,-1.50914,1.50914,-4.5,-2.30321,2.29179,-0.244045,0
8262,-1.50914,1.50914,-4.5,-2.2214,2.21052,-0.241521,0
8290,-1.59916,1.59916,-4.5,-2.29124,2.28107,-0.238036,0
8311,-1.59916,1.59916,-4.5,-2.1531,2.14379,-0.233537,0
8327,-1.67138,1.67138,-4.5,-2.19829,2.18958,-0.230195,0
8354,-1.67138,1.67138,-4.5,-2.09975,2.09161,-0.226795,0
8374,-1.67138,1.67138,-4.5,-1.9879,1.98041,-0.222855,0
8395,-1.74444,1.74444,-4.5,-2.05553,2.04847,-0.220025,0
8426,-1.74444,1.74444,-4.5,-1.94544,1.93897,-0.215997,0
8447,-1.80457,1.80457,-4.5,-1.93855,1.93272,-0.211251,0
8463,-1.80457,1.80457,-4.5,-1.84456,1.83919,-0.20766,0
8490,-1.80457,1.80457,-4.5,-1.77374,1.76869,-0.204912,0
8521,-1.87594,1.87594,-4.5,-1.75424,1.74993,-0.198546,0
8560,-1.87594,1.87594,-4.5,-1.67284,1.66886,-0.195272,0
8580,-1.92488,1.92488,-4.5,-1.606,1.60267,-0.188579,0
8611,-1.95083,1.95083,-4.5,-1.56391,1.56093,-0.184689,0
8632,-1.95083,1.95083,-4.5,-1.45602,1.45341,-0.180194,0
8666,-1.95083,1.95083,-4.5,-1.31625,1.31409,-0.174347,0
8690,-1.97957,1.97957,-4.5,-1.30296,1.30103,-0.171385,0
8712,-1.97957,1.97957,-4.5,-1.22292,1.22125,-0.168042,0
8737,-1.97957,1.97957,-4.5,-1.12753,1.12616,-0.164081,0
8755,-1.99668,1.99668,-4.5,-1.09719,1.09604,-0.161437,0
8773,-1.99668,1.99668,-4.5,-1.03779,1.03685,-0.159037,0
8800,-1.99987,1.99987,-4.5,-0.983281,0.98257,-0.156613,0
8819,-1.99987,1.99987,-4.5,-0.902619,0.902237,-0.153467,0
8851,-1.99372,1.99372,-4.5,-0.842957,0.842792,-0.151677,0
8869,-1.99372,1.99372,-4.5,-0.756801,0.757061,-0.148493,0
8910,-1.99372,1.99372,-4.5,-0.667544,0.668317,-0.145349,0
8927,-1.97575,1.97575,-4.5,-0.563601,0.564835,-0.143103,0
8946,-1.97575,1.97575,-4.5,-0.516317,0.51792,-0.141641,0
8962,-1.97575,1.97575,-4.5,-0.484834,0.48671,-0.140723,0
8987,-1.97575,1.97575,-4.5,-0.441477,0.443755,-0.139513,0
9005,-1.97575,1.97575,-4.5,-0.396347,0.399091,-0.138348,0
9027,-1.92338,1.92338,-4.5,-0.253145,0.256332,-0.137452,0
9049,-1.92338,1.92338,-4.5,-0.218847,0.222469,-0.136739,0
9073,-1.92338,1.92338,-4.5,-0.173093,0.177352,-0.135901,0
9088,-1.86419,1.86419,-4.5,-0.0316236,0.0362444,-0.135563,0
9108,-1.86419,1.86419,-4.5,-0.00984979,0.014838,-0.1353,0
9126,-1.86419,1.86419,-4.5,0.0201483,-0.0146136,-0.135025,0
9150,-1.81187,1.81187,-4.5,0.147012,-0.141023,-0.134926,0
9166,-1.81187,1.81187,-4.5,0.171796,-0.165238,-0.134951,0
9184,-1.81187,1.81187,-4.5,0.18966,-0.18262,-0.13512,0
9211,-1.74543,1.74543,-4.5,0.336669,-0.329189,-0.135376,0
9228,-1.74543,1.74543,-4.5,0.357829,-0.349583,-0.135977,0
9256,-1.66696,1.66696,-4.5,0.524622,-0.5159,-0.136501,0
9275,-1.66696,1.66696,-4.5,0.53756,-0.52808,-0.137459,0
9306,-1.66696,1.66696,-4.5,0.547655,-0.537285,-0.138803,0
9320,-1.58211,1.58211,-4.5,0.721407,-0.710305,-0.140094,0
9338,-1.58211,1.58211,-4.5,0.721898,-0.710331,-0.140996,0
9359,-1.58211,1.58211,-4.5,0.720884,-0.708538,-0.142581,0
9395,-1.48382,1.48382,-4.5,0.911897,-0.898386,-0.145105,0
9419,-1.48382,1.48382,-4.5,0.900782,-0.88607,-0.147915,0
9452,-1.36218,1.36218,-4.5,1.12688,-1.11088,-0.151146,0
9477,-1.36218,1.36218,-4.5,1.10716,-1.09005,-0.154124,0
9501,-1.36218,1.36218,-4.5,1.08137,-1.06309,-0.157503,0
9533,-1.1883,1.1883,-4.5,1.39977,-1.38043,-0.160846,0
9559,-1.1883,1.1883,-4.5,1.36349,-1.34309,-0.164566,0
9584,-1.1883,1.1883,-4.5,1.32796,-1.30672,-0.167839,0
9619,-1.01445,1.01445,-4.5,1.62743,-1.60533,-0.17184,0
9652,-1.01445,1.01445,-4.5,1.57194,-1.54908,-0.17604,0
9681,-1.01445,1.01445,-4.5,1.51634,-1.4929,-0.179917,0
9709,-0.829582,0.829582,-4.5,1.82392,-1.80005,-0.183874,0
9749,-0.829582,0.829582,-4.5,1.75881,-1.7346,-0.187808,0
9775,-0.685498,0.685498,-4.5,1.9554,-1.93081,-0.193077,0
9792,-0.685498,0.685498,-4.5,1.90846,-1.88376,-0.195528,0
9814,-0.685498,0.685498,-4.5,1.85694,-1.83213,-0.198173,0
9832,-0.542096,0.542096,-4.5,2.08455,-2.05963,-0.201144,0
9850,-0.542096,0.542096,-4.5,2.03756,-2.01254,-0.203453,0
9873,-0.542096,0.542096,-4.5,1.96498,-1.93981,-0.206938,0
9892,-0.395617,0.395617,-4.5,2.20441,-2.17916,-0.209389,0
9924,-0.395617,0.395617,-4.5,2.09437,-2.06896,-0.214282,0
9939,-0.25935,0.25935,-4.5,2.31238,-2.28694,-0.216544,0
9954,-0.25935,0.25935,-4.5,2.26022,-2.23478,-0.218598,0
9974,-0.25935,0.25935,-4.5,2.21054,-2.18511,-0.220492,0
10004,-0.124354,0.124354,-4.5,2.3937,-2.36831,-0.22372,0
10021,-0.124354,0.124354,-4.5,2.30387,-2.27851,-0.226989,0
10047,-0.124354,0.124354,-4.5,2.20317,-2.17779,-0.230638,0
10069,-0.124354,0.124354,-4.5,2.11094,-2.08549,-0.233928,0
10091,0.0940746,-0.0940746,-4.5,2.461,-2.43546,-0.237001,0
10111,0.0940746,-0.0940746,-4.5,2.38055,-2.35492,-0.239751,0
10138,0.0940746,-0.0940746,-4.5,2.27276,-2.24709,-0.243215,0
10156,0.264151,-0.264151,-4.5,2.51632,-2.49074,-0.245952,0
10183,0.264151,-0.264151,-4.5,2.42273,-2.39737,-0.248303,0
10198,0.383119,-0.383119,-4.5,2.56148,-2.53649,-0.25047,0
10243,0.383119,-0.383119,-4.5,2.4796,-2.45505,-0.251953,0
10265,0.524975,-0.524975,-4.5,2.57996,-2.55659,-0.254782,0
10287,0.524975,-0.524975,-4.5,2.45423,-2.43198,-0.256008,0
10303,0.524975,-0.524975,-4.5,2.36933,-2.34792,-0.256606,0
10330,0.661674,-0.661674,-4.5,2.56667,-2.54607,-0.25701,0
10354,0.661674,-0.661674,-4.5,2.4087,-2.38982,-0.257636,0
10370,0.788064,-0.788064,-4.5,2.57903,-2.5611,-0.25773,0
10392,0.788064,-0.788064,-4.5,2.49625,-2.4793,-0.257679,0
10409,0.788064,-0.788064,-4.5,2.38373,-2.36813,-0.257444,0
10432,0.910831,-0.910831,-4.5,2.5358,-2.52132,-0.257063,0
10452,0.910831,-0.910831,-4.5,2.44183,-2.42846,-0.256559,0
10470,1.02941,-1.02941,-4.5,2.58454,-2.57228,-0.255935,0
10498,1.02941,-1.02941,-4.5,2.45986,-2.44904,-0.254932,0
10524,1.02941,-1.02941,-4.5,2.34972,-2.34015,-0.253847,0
10548,1.14943,-1.14943,-4.5,2.43935,-2.43143,-0.252105,0
10586,1.14943,-1.14943,-4.5,2.31362,-2.30702,-0.250406,0
10610,1.27907,-1.27907,-4.5,2.40167,-2.39679,-0.247821,0
10626,1.27907,-1.27907,-4.5,2.2911,-2.28728,-0.245876,0
10667,1.27907,-1.27907,-4.5,2.1708,-2.16808,-0.243574,0
10684,1.42685,-1.42685,-4.5,2.30181,-2.30053,-0.240131,0
10721,1.42685,-1.42685,-4.5,2.22763,-2.22697,-0.238405,0
10737,1.52507,-1.52507,-4.5,2.23728,-2.23812,-0.233855,0
10750,1.52507,-1.52507,-4.5,2.16974,-2.17108,-0.232021,0
10785,1.52507,-1.52507,-4.5,2.04524,-2.04748,-0.228528,0
10804,1.61816,-1.61816,-4.5,2.12761,-2.13056,-0.225443,0
10821,1.61816,-1.61816,-4.5,2.03444,-2.03799,-0.222555,0
10848,1.61816,-1.61816,-4.5,1.95163,-1.9557,-0.219896,0
10866,1.706,-1.706,-4.5,2.01375,-2.01848,-0.216144,0
10887,1.706,-1.706,-4.5,1.93782,-1.94299,-0.213542,0
10916,1.706,-1.706,-4.5,1.80104,-1.80693,-0.208748,0
10933,1.78995,-1.78995,-4.5,1.88703,-1.89332,-0.205767,0
10968,1.78995,-1.78995,-4.5,1.80625,-1.81291,-0.202766,0
10984,1.85299,-1.85299,-4.5,1.78981,-1.79709,-0.19737,0
10998,1.85299,-1.85299,-4.5,1.73272,-1.74022,-0.195141,0
11034,1.85299,-1.85299,-4.5,1.66815,-1.67589,-0.192591,0
11050,1.90052,-1.90052,-4.5,1.63167,-1.63987,-0.187332,0
11072,1.90052,-1.90052,-4.5,1.57338,-1.58176,-0.184944,0
11098,1.90052,-1.90052,-4.5,1.45817,-1.46689,-0.18018,0
11118,1.94557,-1.94557,-4.5,1.46961,-1.47852,-0.176868,0
11137,1.94557,-1.94557,-4.5,1.39972,-1.4088,-0.173895,0
11191,1.98018,-1.98018,-4.5,1.37136,-1.38064,-0.169708,0
11216,1.98018,-1.98018,-4.5,1.20606,-1.21565,-0.162547,0
11238,1.99485,-1.99485,-4.5,1.14512,-1.15484,-0.158585,0
11256,1.99485,-1.99485,-4.5,1.07724,-1.08705,-0.155602,0
11293,1.99485,-1.99485,-4.5,1.01746,-1.02735,-0.152975,0
11311,1.9999,-1.9999,-4.5,0.917251,-0.927288,-0.14814,0
11341,1.9999,-1.9999,-4.5,0.862067,-0.872178,-0.145744,0
11362,1.99337,-1.99337,-4.5,0.767386,-0.77762,-0.14224,0
11380,1.99337,-1.99337,-4.5,0.724608,-0.73492,-0.140443,0
11413,1.99337,-1.99337,-4.5,0.646827,-0.657301,-0.13723,0
11428,1.97265,-1.97265,-4.5,0.55904,-0.569642,-0.135388,0
11450,1.97265,-1.97265,-4.5,0.52164,-0.532366,-0.133948,0
11482,1.97265,-1.97265,-4.5,0.454103,-0.465088,-0.131429,0
11497,1.93919,-1.93919,-4.5,0.33917,-0.350398,-0.129758,0
11529,1.93919,-1.93919,-4.5,0.309787,-0.321198,-0.128809,0
11546,1.89922,-1.89922,-4.5,0.168006,-0.17986,-0.126927,0
11560,1.89922,-1.89922,-4.5,0.141037,-0.153145,-0.126229,0
11597,1.89922,-1.89922,-4.5,0.115571,-0.127957,-0.125642,0
11619,1.84275,-1.84275,-4.5,-0.0512657,0.0382037,-0.124572,0
11638,1.84275,-1.84275,-4.5,-0.0756118,0.0621293,-0.124313,0
11667,1.84275,-1.84275,-4.5,-0.105926,0.0918226,-0.12418,0
11683,1.77554,-1.77554,-4.5,-0.263545,0.248843,-0.124317,0
11700,1.77554,-1.77554,-4.5,-0.276544,0.261422,-0.124558,0
11730,1.77554,-1.77554,-4.5,-0.299006,0.283039,-0.125205,0
11744,1.6865,-1.6865,-4.5,-0.487865,0.471344,-0.125803,0
11769,1.6865,-1.6865,-4.5,-0.495668,0.47864,-0.126449,0
11799,1.6865,-1.6865,-4.5,-0.50775,0.489718,-0.127882,0
11827,1.59624,-1.59624,-4.5,-0.692927,0.674139,-0.129176,0
11868,1.49933,-1.49933,-4.5,-0.888826,0.868809,-0.131542,0
11909,1.49933,-1.49933,-4.5,-0.883182,0.86198,-0.134192,0
11927,1.41152,-1.41152,-4.5,-1.0431,1.02039,-0.137981,0
11944,1.41152,-1.41152,-4.5,-1.0334,1.01011,-0.139602,0
11975,1.41152,-1.41152,-4.5,-1.01232,0.987871,-0.142898,0
11996,1.28743,-1.28743,-4.5,-1.23963,1.21416,-0.145846,0
12013,1.28743,-1.28743,-4.5,-1.21871,1.19231,-0.148606,0
12033,1.28743,-1.28743,-4.5,-1.19661,1.1693,-0.151347,0
12054,1.15833,-1.15833,-4.5,-1.43067,1.40247,-0.154154,0
12069,1.15833,-1.15833,-4.5,-1.40448,1.37541,-0.157023,0
12101,1.15833,-1.15833,-4.5,-1.37162,1.34157,-0.160415,0
12116,1.03014,-1.03014,-4.5,-1.58076,1.5495,-0.164947,0
12141,1.03014,-1.03014,-4.5,-1.55481,1.52301,-0.167233,0
12163,1.03014,-1.03014,-4.5,-1.49874,1.46592,-0.171954,0
12177,0.89141,-0.89141,-4.5,-1.74063,1.70733,-0.174675,0
12192,0.89141,-0.89141,-4.5,-1.71003,1.67639,-0.176899,0
12226,0.89141,-0.89141,-4.5,-1.64219,1.60793,-0.181623,0
12243,0.758738,-0.758738,-4.5,-1.86404,1.82956,-0.184369,0
12267,0.758738,-0.758738,-4.5,-1.82385,1.78923,-0.186789,0
12291,0.758738,-0.758738,-4.5,-1.74858,1.71382,-0.191125,0
12311,0.610091,-0.610091,-4.5,-1.98836,1.95365,-0.194155,0
12337,0.610091,-0.610091,-4.5,-1.92577,1.89119,-0.197282,0
12364,0.610091,-0.610091,-4.5,-1.83422,1.79996,-0.201594,0
12377,0.423321,-0.423321,-4.5,-2.15211,2.11814,-0.203955,0
12404,0.423321,-0.423321,-4.5,-2.08857,2.05498,-0.206529,0
12425,0.423321,-0.423321,-4.5,-2.00689,1.97385,-0.209655,0
12443,0.277442,-0.277442,-4.5,-2.23799,2.20541,-0.211775,0
12468,0.277442,-0.277442,-4.5,-2.16888,2.13682,-0.214118,0
12487,0.140065,-0.140065,-4.5,-2.35481,2.3234,-0.217053,0
12510,0.140065,-0.140065,-4.5,-2.27776,2.24688,-0.219494,0
12546,0.140065,-0.140065,-4.5,-2.19098,2.16063,-0.222206,0
12561,-0.0230996,0.0230996,-4.5,-2.4008,2.37109,-0.225766,0
12588,-0.0230996,0.0230996,-4.5,-2.32821,2.2988,-0.227962,0
12612,-0.146057,0.146057,-4.5,-2.46708,2.43806,-0.231134,0
12628,-0.146057,0.146057,-4.5,-2.36984,2.34113,-0.233857,0
12649,-0.146057,0.146057,-4.5,-2.3093,2.28078,-0.235465,0
12682,-0.280905,0.280905,-4.5,-2.47833,2.45012,-0.238021,0
12695,-0.280905,0.280905,-4.5,-2.34894,2.32116,-0.241063,0
12718,-0.280905,0.280905,-4.5,-2.2897,2.26215,-0.242285,0
12738,-0.456138,0.456138,-4.5,-2.52545,2.4984,-0.244462,0
12751,-0.456138,0.456138,-4.5,-2.44642,2.41978,-0.245716,0
12807,-0.611028,0.611028,-4.5,-2.63924,2.61329,-0.2473,0
12827,-0.611028,0.611028,-4.5,-2.41313,2.3888,-0.249535,0
12854,-0.72934,0.72934,-4.5,-2.55917,2.53567,-0.249849,0
12872,-0.72934,0.72934,-4.5,-2.44468,2.42232,-0.249942,0
12887,-0.847052,0.847052,-4.5,-2.5988,2.57732,-0.249773,0
12915,-0.847052,0.847052,-4.5,-2.51266,2.49215,-0.249421,0
12935,-0.847052,0.847052,-4.5,-2.38328,2.36428,-0.248644,0
12964,-0.970089,0.970089,-4.5,-2.5382,2.5203,-0.247846,0
12989,-0.970089,0.970089,-4.5,-2.3843,2.36827,-0.24627,0
13009,-1.08639,1.08639,-4.5,-2.51063,2.4959,-0.244943,0
13026,-1.08639,1.08639,-4.5,-2.42844,2.4147,-0.243782,0
13066,-1.22766,1.22766,-4.5,-2.60929,2.59675,-0.242243,0
13132,-1.32621,1.32621,-4.5,-2.64157,2.63092,-0.23954,0
13149,-1.32621,1.32621,-4.5,-2.32081,2.31366,-0.233721,0
13177,-1.32621,1.32621,-4.5,-2.20412,2.19808,-0.231199,0
13196,-1.44561,1.44561,-4.5,-2.33542,2.33032,-0.228874,0
13212,-1.44561,1.44561,-4.5,-2.25188,2.24744,-0.227089,0
13240,-1.53435,1.53435,-4.5,-2.33096,2.32725,-0.224948,0
13257,-1.53435,1.53435,-4.5,-2.20331,2.20048,-0.222059,0
13286,-1.53435,1.53435,-4.5,-2.12028,2.11798,-0.220068,0
13306,-1.62365,1.62365,-4.5,-2.15812,2.15667,-0.216553,0
13329,-1.62365,1.62365,-4.5,-2.07655,2.07556,-0.214379,0
13346,-1.69507,1.69507,-4.5,-2.091,2.09069,-0.210834,0
13366,-1.69507,1.69507,-4.5,-2.02549,2.02551,-0.208928,0
13394,-1.69507,1.69507,-4.5,-1.88641,1.88709,-0.204783,0
13408,-1.76666,1.76666,-4.5,-1.95241,1.95343,-0.202371,0
13425,-1.76666,1.76666,-4.5,-1.87622,1.87756,-0.199934,0
13451,-1.76666,1.76666,-4.5,-1.78775,1.78946,-0.197042,0
13472,-1.82818,1.82818,-4.5,-1.81075,1.81285,-0.193699,0
13487,-1.82818,1.82818,-4.5,-1.73396,1.73634,-0.191069,0
13509,-1.82818,1.82818,-4.5,-1.66254,1.66518,-0.188581,0
13537,-1.89476,1.89476,-4.5,-1.69228,1.69527,-0.184925,0
13551,-1.89476,1.89476,-4.5,-1.60333,1.60662,-0.181716,0
13582,-1.89476,1.89476,-4.5,-1.50435,1.50795,-0.178091,0
13603,-1.93379,1.93379,-4.5,-1.50137,1.50521,-0.175078,0
13646,-1.96534,1.96534,-4.5,-1.48892,1.49299,-0.172236,0
13672,-1.96534,1.96534,-4.5,-1.32626,1.33079,-0.166062,0
13696,-1.96534,1.96534,-4.5,-1.22088,1.22569,-0.162001,0
13722,-1.98682,1.98682,-4.5,-1.20289,1.20787,-0.159633,0
13744,-1.98682,1.98682,-4.5,-1.12006,1.12525,-0.156397,0
13766,-1.9989,1.9989,-4.5,-1.07038,1.07576,-0.153495,0
13787,-1.9989,1.9989,-4.5,-1.00197,1.00752,-0.150802,0
13818,-1.9989,1.9989,-4.5,-0.905553,0.911353,-0.147007,0
13837,-1.99843,1.99843,-4.5,-0.847253,0.853204,-0.144761,0
13856,-1.99843,1.99843,-4.5,-0.800074,0.806154,-0.142925,0
13876,-1.99843,1.99843,-4.5,-0.738103,0.744361,-0.140533,0
13898,-1.98621,1.98621,-4.5,-0.662001,0.66842,-0.138569,0
13921,-1.98621,1.98621,-4.5,-0.612333,0.618921,-0.136713,0
13948,-1.96712,1.96712,-4.5,-0.50985,0.51668,-0.134363,0
13965,-1.96712,1.96712,-4.5,-0.464988,0.472014,-0.132784,0
13989,-1.94179,1.94179,-4.5,-0.375852,0.383071,-0.13148,0
14006,-1.94179,1.94179,-4.5,-0.332999,0.340459,-0.130085,0
14046,-1.89864,1.89864,-4.5,-0.200478,0.208242,-0.128668,0
14062,-1.89864,1.89864,-4.5,-0.143091,0.151304,-0.127054,0
14095,-1.89864,1.89864,-4.5,-0.0899084,0.0986598,-0.125799,0
14114,-1.84398,1.84398,-4.5,0.0464122,-0.0373046,-0.125322,0
14134,-1.84398,1.84398,-4.5,0.0725479,-0.0630264,-0.124993,0
14162,-1.78613,1.78613,-4.5,0.213172,-0.203177,-0.124828,0
14178,-1.78613,1.78613,-4.5,0.238656,-0.228082,-0.12484,0
14210,-1.78613,1.78613,-4.5,0.261562,-0.250336,-0.125104,0
14226,-1.72104,1.72104,-4.5,0.410079,-0.39818,-0.125605,0
14245,-1.72104,1.72104,-4.5,0.419271,-0.406915,-0.126084,0
14265,-1.72104,1.72104,-4.5,0.431201,-0.418114,-0.12697,0
14300,-1.63945,1.63945,-4.5,0.601522,-0.587803,-0.127877,0
14320,-1.63945,1.63945,-4.5,0.609733,-0.594907,-0.129651,0
14346,-1.56276,1.56276,-4.5,0.764307,-0.748719,-0.13107,0
14376,-1.56276,1.56276,-4.5,0.762293,-0.745652,-0.133199,0
14424,-1.45921,1.45921,-4.5,0.963178,-0.945617,-0.135271,0
14449,-1.45921,1.45921,-4.5,0.942386,-0.922928,-0.13993,0
14466,-1.34095,1.34095,-4.5,1.16294,-1.14266,-0.142289,0
14484,-1.34095,1.34095,-4.5,1.15001,-1.12918,-0.143987,0
14498,-1.34095,1.34095,-4.5,1.13179,-1.11023,-0.146251,0
14520,-1.25303,1.25303,-4.5,1.29249,-1.2704,-0.148012,0
14553,-1.25303,1.25303,-4.5,1.25144,-1.22797,-0.152611,0
14577,-1.09875,1.09875,-4.5,1.53335,-1.5091,-0.155361,0
14593,-1.09875,1.09875,-4.5,1.49381,-1.46849,-0.15924,0
14613,-1.09875,1.09875,-4.5,1.47016,-1.44426,-0.161445,0
14641,-0.969817,0.969817,-4.5,1.67644,-1.64933,-0.16613,0
14663,-0.969817,0.969817,-4.5,1.63697,-1.60896,-0.169599,0
14691,-0.969817,0.969817,-4.5,1.57574,-1.54637,-0.174898,0
14716,-0.800993,0.800993,-4.5,1.86726,-1.83692,-0.178764,0
14736,-0.800993,0.800993,-4.5,1.8087,-1.77714,-0.183567,0
14755,-0.800993,0.800993,-4.5,1.75942,-1.72692,-0.187451,0
14777,-0.800993,0.800993,-4.5,1.69993,-1.66643,-0.191915,0
14802,-0.627451,0.627451,-4.5,1.98754,-1.95315,-0.196152,0
14820,-0.627451,0.627451,-4.5,1.92558,-1.89043,-0.200328,0
14838,-0.627451,0.627451,-4.5,1.86748,-1.83177,-0.203991,0
14854,-0.470498,0.470498,-4.5,2.12481,-2.08872,-0.207296,0
14875,-0.470498,0.470498,-4.5,2.06681,-2.03047,-0.210453,0
14919,-0.470498,0.470498,-4.5,1.96129,-1.92478,-0.21577,0
14941,-0.265665,0.265665,-4.5,2.27186,-2.23564,-0.220044,0
14968,-0.265665,0.265665,-4.5,2.18352,-2.14783,-0.223412,0
14989,-0.265665,0.265665,-4.5,2.08561,-2.05073,-0.226737,0
15011,-0.265665,0.265665,-4.5,2.02248,-1.98829,-0.228578,0
15028,-0.070502,0.070502,-4.5,2.32596,-2.29278,-0.230931,0
15057,-0.070502,0.070502,-4.5,2.26034,-2.228,-0.232536,0
15075,-0.070502,0.070502,-4.5,2.14288,-2.11211,-0.235164,0
15091,0,0,-4.5,2.21987,-2.19003,-0.236335,0
15114,0,0,-4.5,2.15912,-2.13017,-0.237347,0
15137,0,0,-4.5,2.05676,-2.02932,-0.238899,0
15158,0,0,-4.5,1.9569,-1.93096,-0.240143,0
15181,0,0,-4.5,1.88522,-1.86035,-0.240843,0
15208,0,0,-4.5,1.77905,-1.75577,-0.241658,0
15236,0,0,-4.5,1.63359,-1.61252,-0.24228,0
15250,0,0,-4.5,1.55216,-1.53235,-0.242201,0
15271,0,0,-4.5,1.48397,-1.46521,-0.241923,0
15294,0,0,-4.5,1.37403,-1.357,-0.241196,0
15308,0,0,-4.5,1.31174,-1.29571,-0.240537,0
15330,0,0,-4.5,1.25449,-1.23937,-0.239826,0
15349,0,0,-4.5,1.15795,-1.1444,-0.238486,0
15365,0,0,-4.5,1.10343,-1.09079,-0.23762,0
15392,0,0,-4.5,1.02728,-1.01594,-0.236368,0
15416,0,0,-4.5,0.939032,-0.929266,-0.234888,0
15433,0,0,-4.5,0.858331,-0.85012,-0.233575,0
15473,0,0,-4.5,0.794921,-0.788051,-0.232638,0
15493,0,0,-4.5,0.667322,-0.663403,-0.231003,0
15511,0,0,-4.5,0.612737,-0.61037,-0.230607,0
15534,0,0,-4.5,0.566534,-0.565626,-0.230439,0
15557,0,0,-4.5,0.50206,-0.503388,-0.230431,0
15577,0,0,-4.5,0.45454,-0.457748,-0.23069,0
15591,0,0,-4.5,0.41465,-0.419593,-0.231088,0
15628,0,0,-4.5,0.346179,-0.354339,-0.232047,0
15646,0,0,-4.5,0.309745,-0.319854,-0.232833,0
15662,0,0,-4.5,0.277905,-0.28982,-0.233641,0
15683,0,0,-4.5,0.254755,-0.268038,-0.234295,0
15717,0,0,-4.5,0.211455,-0.227351,-0.235586,0
15749,0,0,-4.5,0.176414,-0.194479,-0.236701,0
15774,0,0,-4.5,0.142682,-0.162794,-0.237733,0
15790,0,0,-4.5,0.121462,-0.142766,-0.238272,0
15824,0,0,-4.5,0.107649,-0.129643,-0.238517,0
15842,0,0,-4.5,0.0847693,-0.10776,-0.238739,0
15868,0,0,-4.5,0.0706932,-0.094076,-0.238582,0
15887,0,0,-4.5,0.0600494,-0.0835629,-0.238223,0
15922,0,0,-4.5,0.0515935,-0.0750703,-0.237726,0
15937,0,0,-4.5,0.0373225,-0.0604915,-0.236491,0
15951,0,0,-4.5,0.0326383,-0.0555125,-0.235755,0
15980,0,0,-4.5,0.0265128,-0.0488876,-0.234577,0
15997,0,0,-4.5,0.0206014,-0.0423152,-0.233088,0
16018,0,0,-4.5,0.0168837,-0.038043,-0.231858,0
16073,0,0,-4.5,0.0124853,-0.0328623,-0.230111,0
16100,0,0,-4.5,0.00173958,-0.0197535,-0.22474,0
16123,0,0,-4.5,-0.00113835,-0.0157355,-0.221951,0
16170,0,0,-4.5,-0.0030654,-0.012897,-0.219584,0
16223,0,0,-4.5,-0.00851694,-0.00446515,-0.211453,0
16247,0,0,-4.5,-0.0100029,-0.00149661,-0.206635,0
16282,0,0,-4.5,-0.0111102,0.00108614,-0.201206,0
16299,0,0,-4.5,-0.0113984,0.00199959,-0.198555,0
16335,0,0,-4.5,-0.0116482,0.00300147,-0.195132,0
16351,0,0,-4.5,-0.0117972,0.0040538,-0.190618,0
16375,0,0,-4.5,-0.0117686,0.00448125,-0.18803,0
16400,0,0,-4.5,-0.011645,0.00500924,-0.184057,0
16415,0,0,-4.5,-0.011447,0.00530553,-0.180678,0
16434,0,0,-4.5,-0.0112917,0.00541606,-0.178678,0
16462,0,0,-4.5,-0.0109291,0.00557564,-0.174522,0
16476,0,0,-4.5,-0.0106046,0.00559416,-0.171446,0
16494,0,0,-4.5,-0.0103547,0.00556414,-0.169297,0
16519,0,0,-4.5,-0.0099034,0.00546738,-0.16562,0
16538,0,0,-4.5,-0.00949852,0.00532797,-0.16257,0
16556,0,0,-4.5,-0.00907537,0.00514806,-0.159535,0
16578,0,0,-4.5,-0.00870355,0.00496585,-0.156971,0
16602,0,0,-4.5,-0.00805621,0.0046194,-0.152619,0
16618,0,0,-4.5,-0.00771299,0.00441359,-0.150392,0
16640,0,0,-4.5,-0.00734507,0.00418361,-0.148031,0
16661,0,0,-4.5,-0.00679216,0.00382481,-0.144515,0
16683,0,0,-4.5,-0.00630957,0.00349658,-0.141473,0
16706,0,0,-4.5,-0.00583111,0.00316047,-0.138464,0
16730,0,0,-4.5,-0.00524658,0.00273875,-0.13478,0
16747,0,0,-4.5,-0.00482889,0.00242901,-0.132128,0
16770,0,0,-4.5,-0.00444152,0.00213714,-0.129644,0
16790,0,0,-4.5,-0.00391591,0.00173596,-0.126233,0
16810,0,0,-4.5,-0.00361189,0.00150026,-0.12422,0
16842,0,0,-4.5,-0.00305848,0.00106796,-0.1205,0
16863,0,0,-4.5,-0.00258891,0.000696375,-0.117243,0
16911,0,0,-4.5,-0.002232,0.000411315,-0.114685,0
16938,0,0,-4.5,-0.00141276,-0.000247112,-0.108638,0
16958,0,0,-4.5,-0.000957804,-0.000618029,-0.104998,0
16986,0,0,-4.5,-0.000720735,-0.000812525,-0.102985,0
17005,0,0,-4.5,-0.000336281,-0.00112895,-0.0996017,0
17020,0,0,-4.5,-0.000166922,-0.00126907,-0.0980086,0
17053,0,0,-4.5,0.000156589,-0.00153726,-0.094861,0
17072,0,0,-4.5,0.5,0,0,0
17085,0,0,-4.5,0.5,0,0,0
17110,0,0,-4.5,0.5,0,0,0
17128,0,0,-4.5,0.5,0,0,0
17147,0,0,-4.5,0.5,0,0,0
17170,0,0,-4.5,0.5,0,0,0
17192,0,0,-4.5,0.5,0,0,0
17217,0,0,-4.5,0.5,0,0,0
17235,0,0,-4.5,0.5,0,0,0
17277,0,0,-4.5,0.5,0,0,0
17296,0,0,-4.5,0.5,0,0,0
17313,0,0,-4.5,0.5,0,0,0
17353,0,0,-4.5,0.5,0,0,0
17372,0,0,-4.5,0.5,0,0,0
17398,0,0,-4.5,0.5,0,0,0
17417,0,0,-4.5,0.5,0,0,0
17444,0,0,-4.5,0.5,0,0,0
17470,0,0,-4.5,0.5,0,0,0
17485,0,0,-4.5,0.5,0,0,0
17513,0,0,-4.5,0.5,0,0,0
17532,0,0,-4.5,0.5,0,0,0
17584,0,0,-4.5,0.5,0,0,0
17612,0,0,-4.5,0.5,0,0,0
17631,0,0,-4.5,0.5,0,0,0
17667,0,0,-4.5,0.5,0,0,0
17682,0,0,-4.5,0.5,0,0,0
17699,0,0,-4.5,0.5,0,0,0
17730,0,0,-4.5,0.5,0,0,0
17751,0,0,-4.5,0.5,0,0,0
17787,0,0,-4.5,0.5,0,0,0
17805,0,0,-4.5,0.5,0,0,0
17825,0,0,-4.5,0.5,0,0,0
17852,0,0,-4.5,0.5,0,0,0
17872,0,0,-4.5,0.5,0,0,0
17906,0,0,-4.5,0.5,0,0,0
17923,0,0,-4.5,0.5,0,0,0
17939,0,0,-4.5,0.5,0,0,0
17969,0,0,-4.5,0.5,0,0,0
17985,0,0,-4.5,0.5,0,0,0
18014,0,0,-4.5,0.5,0,0,0
18038,0,0,-4.5,0.5,0,0,0
18079,0,0,-4.5,0.5,0,0,0
18098,0,0,-4.5,0.5,0,0,0
18119,0,0,-4.5,0.5,0,0,0
18136,0,0,-4.5,0.5,0,0,0
18177,0,0,-4.5,0.5,0,0,0
18192,0,0,-4.5,0.5,0,0,0
18212,0,0,-4.5,0.5,0,0,0
18244,0,0,-4.5,0.5,0,0,0
18259,0,0,-4.5,0.5,0,0,0
18299,0,0,-4.5,0.5,0,0,0
18314,0,0,-4.5,0.5,0,0,0
18331,0,0,-4.5,0.5,0,0,0
18363,0,0,-4.5,0.5,0,0,0
18380,0,0,-4.5,0.5,0,0,0
18398,0,0,-4.5,0.5,0,0,0
18424,0,0,-4.5,0.5,0,0,0
18440,0,0,-4.5,0.5,0,0,0
18466,0,0,-4.5,0.5,0,0,0
18490,0,0,-4.5,0.5,0,0,0
18511,0,0,-4.5,0.5,0,0,0
18536,0,0,-4.5,0.5,0,0,0
18555,0,0,-4.5,0.5,0,0,0
18574,0,0,-4.5,0.5,0,0,0
18595,0,0,-4.5,0.5,0,0,0
18615,0,0,-4.5,0.5,0,0,0
18632,0,0,-4.5,0.5,0,0,0
18647,0,0,-4.5,0.5,0,0,0
18677,0,0,-4.5,0.5,0,0,0
18693,0,0,-4.5,0.5,0,0,0
18716,0,0,-4.5,0.5,0,0,0
18740,0,0,-4.5,0.5,0,0,0
18755,0,0,-4.5,0.5,0,0,0
18774,0,0,-4.5,0.5,0,0,0
18805,0,0,-4.5,0.5,0,0,0
18823,0,0,-4.5,0.5,0,0,0
18851,0,0,-4.5,0.5,0,0,0
18873,0,0,-4.5,0.5,0,0,0
18890,0,0,-4.5,0.5,0,0,0
18932,0,0,-4.5,0.5,0,0,0
18948,0,0,-4.5,0.5,0,0,0
18974,0,0,-4.5,0.5,0,0,0
19000,0,0,-4.5,0.5,0,0,0
19016,0,0,-4.5,0.5,0,0,0
19047,0,0,-4.5,0.5,0,0,0
19063,0,0,-4.5,0.5,0,0,0
19119,0,0,-4.5,0.5,0,0,0
19147,0,0,-4.5,0.5,0,0,0
19165,0,0,-4.5,0.5,0,0,0
19211,0,0,-4.5,0.5,0,0,0
19228,0,0,-4.5,0.5,0,0,0
19262,0,0,-4.5,0.5,0,0,0
19279,0,0,-4.5,0.5,0,0,0
19312,0,0,-4.5,0.5,0,0,0
19328,0,0,-4.5,0.5,0,0,0
19346,0,0,-4.5,0.5,0,0,0
19369,0,0,-4.5,0.5,0,0,0
19392,0,0,-4.5,0.5,0,0,0
19410,0,0,-4.5,0.5,0,0,0
19463,0,0,-4.5,0.5,0,0,0
19476,0,0,-4.5,0.5,0,0,0
19498,0,0,-4.5,0.5,0,0,0
19523,0,0,-4.5,0.5,0,0,0
19537,0,0,-4.5,0.5,0,0,0
19562,0,0,-4.5,0.5,0,0,0
19582,0,0,-4.5,0.5,0,0,0
19598,0,0,-4.5,0.5,0,0,0
19619,0,0,-4.5,0.5,0,0,0
19648,0,0,-4.5,0.5,0,0,0
19667,0,0,-4.5,0.5,0,0,0
19694,0,0,-4.5,0.5,0,0,0
19717,0,0,-4.5,0.5,0,0,0
19736,0,0,-4.5,0.5,0,0,0
19766,0,0,-4.5,0.5,0,0,0
19785,0,0,-4.5,0.5,0,0,0
19803,0,0,-4.5,0.5,0,0,0
19827,0,0,-4.5,0.5,0,0,0
19842,0,0,-4.5,0.5,0,0,0
19860,0,0,-4.5,0.5,0,0,0
19886,0,0,-4.5,0.5,0,0,0
19903,0,0,-4.5,0.5,0,0,0
19932,0,0,-4.5,0.5,0,0,0
19956,0,0,-4.5,0.5,0,0,0
19976,0,0,-4.5,0.5,0,0,0
19994,0,0,-4.5,0.5,0,0,0
20016,0,0,-4.5,0.5,0,0,0
20033,0,0,-4.5,0.5,0,0,0
20049,0,0,-4.5,0.5,0,0,0
20083,0,0,-4.5,0.5,0,0,0
20100,0,0,-4.5,0.5,0,0,0
20120,0,0,-4.5,0.5,0,0,0
20155,0,0,-4.5,0.5,0,0,0
20176,0,0,-4.5,0.5,0,0,0
20211,0,0,-4.5,0.5,0,0,0
20227,0,0,-4.5,0.5,0,0,0
20254,0,0,-4.5,0.5,0,0,0
20275,0,0,-4.5,0.5,0,0,0
20291,0,0,-4.5,0.5,0,0,0
20321,0,0,-4.5,0.5,0,0,0
20360,0,0,-4.5,0.5,0,0,0
20383,0,0,-4.5,0.5,0,0,0
20401,0,0,-4.5,0.5,0,0,0
20417,0,0,-4.5,0.5,0,0,0
20460,0,0,-4.5,0.5,0,0,0
20473,0,0,-4.5,0.5,0,0,0
20508,0,0,-4.5,0.5,0,0,0
20528,0,0,-4.5,0.5,0,0,0
20563,0,0,-4.5,0.5,0,0,0
20578,0,0,-4.5,0.5,0,0,0
20609,0,0,-4.5,0.5,0,0,0
20629,0,0,-4.5,0.5,0,0,0
20653,0,0,-4.5,0.5,0,0,0
20677,0,0,-4.5,0.5,0,0,0
20705,0,0,-4.5,0.5,0,0,0
20726,0,0,-4.5,0.5,0,0,0
20746,0,0,-4.5,0.5,0,0,0
20765,0,0,-4.5,0.5,0,0,0
20785,0,0,-4.5,0.5,0,0,0
20814,0,0,-4.5,0.5,0,0,0
20833,0,0,-4.5,0.5,0,0,0
20861,0,0,-4.5,0.5,0,0,0
20876,0,0,-4.5,0.5,0,0,0
20908,0,0,-4.5,0.5,0,0,0
20935,0,0,-4.5,0.5,0,0,0
20965,0,0,-4.5,0.5,0,0,0
20984,0,0,-4.5,0.5,0,0,0
20996,0,0,-4.5,0.5,0,0,0
21024,0,0,-4.5,0.5,0,0,0
21042,0,0,-4.5,0.5,0,0,0
21066,0,0,-4.5,0.5,0,0,0
21087,0,0,-4.5,0.5,0,0,0
21106,0,0,-4.5,0.5,0,0,0
21123,0,0,-4.5,0.5,0,0,0
21156,0,0,-4.5,0.5,0,0,0
21171,0,0,-4.5,0.5,0,0,0
21210,0,0,-4.5,0.5,0,0,0
21228,0,0,-4.5,0.5,0,0,0
21257,0,0,-4.5,0.5,0,0,0
21276,0,0,-4.5,0.5,0,0,0
21288,0,0,-4.5,0.5,0,0,0
21317,0,0,-4.5,0.5,0,0,0
21333,0,0,-4.5,0.5,0,0,0
21349,0,0,-4.5,0.5,0,0,0
21382,0,0,-4.5,0.5,0,0,0
21402,0,0,-4.5,0.5,0,0,0
21418,0,0,-4.5,0.5,0,0,0
21449,0,0,-4.5,0.5,0,0,0
21463,0,0,-4.5,0.5,0,0,0
21491,0,0,-4.5,0.5,0,0,0
21521,0,0,-4.5,0.5,0,0,0
21536,0,0,-4.5,0.5,0,0,0
21559,0,0,-4.5,0.5,0,0,0
21580,0,0,-4.5,0.5,0,0,0
21595,0,0,-4.5,0.5,0,0,0
21613,0,0,-4.5,0.5,0,0,0
21639,0,0,-4.5,0.5,0,0,0
21666,0,0,-4.5,0.5,0,0,0
21685,0,0,-4.5,0.5,0,0,0
21711,0,0,-4.5,0.5,0,0,0
21735,0,0,-4.5,0.5,0,0,0
21761,0,0,-4.5,0.5,0,0,0
21777,0,0,-4.5,0.5,0,0,0
21805,0,0,-4.5,0.5,0,0,0
21820,0,0,-4.5,0.5,0,0,0
21847,0,0,-4.5,0.5,0,0,0
21882,0,0,-4.5,0.5,0,0,0
21901,0,0,-4.5,0.5,0,0,0
21931,0,0,-4.5,0.5,0,0,0
21948,0,0,-4.5,0.5,0,0,0
21975,0,0,-4.5,0.5,0,0,0
22008,0,0,-4.5,0.5,0,0,0
22024,0,0,-4.5,0.5,0,0,0
22065,0,0,-4.5,0.5,0,0,0
22080,0,0,-4.5,0.5,0,0,0
22093,0,0,-4.5,0.5,0,0,0
22135,0,0,-4.5,0.5,0,0,0
22151,0,0,-4.5,0.5,0,0,0
22188,0,0,-4.5,0.5,0,0,0
22207,0,0,-4.5,0.5,0,0,0
22230,0,0,-4.5,0.5,0,0,0
22250,0,0,-4.5,0.5,0,0,0
22273,0,0,-4.5,0.5,0,0,0
22304,0,0,-4.5,0.5,0,0,0
22322,0,0,-4.5,0.5,0,0,0
22360,0,0,-4.5,0.5,0,0,0
22379,0,0,-4.5,0.5,0,0,0
22404,0,0,-4.5,0.5,0,0,0
22427,0,0,-4.5,0.5,0,0,0
22449,0,0,-4.5,0.5,0,0,0
22469,0,0,-4.5,0.5,0,0,0
22493,0,0,-4.5,0.5,0,0,0
22508,0,0,-4.5,0.5,0,0,0
22548,0,0,-4.5,0.5,0,0,0
22563,0,0,-4.5,0.5,0,0,0
22582,0,0,-4.5,0.5,0,0,0
22608,0,0,-4.5,0.5,0,0,0
22626,0,0,-4.5,0.5,0,0,0
22644,0,0,-4.5,0.5,0,0,0
22672,0,0,-4.5,0.5,0,0,0
22693,0,0,-4.5,0.5,0,0,0
22709,0,0,-4.5,0.5,0,0,0
22744,0,0,-4.5,0.5,0,0,0
22759,0,0,-4.5,0.5,0,0,0
22787,0,0,-4.5,0.5,0,0,0
22809,0,0,-4.5,0.5,0,0,0
22844,0,0,-4.5,0.5,0,0,0
22876,0,0,-4.5,0.5,0,0,0
22919,0,0,-4.5,0.5,0,0,0
22940,0,0,-4.5,0.5,0,0,0
22979,0,0,-4.5,0.5,0,0,0
22991,0,0,-4.5,0.5,0,0,0
23022,0,0,-4.5,0.5,0,0,0
23040,0,0,-4.5,0.5,0,0,0
23059,0,0,-4.5,0.5,0,0,0
23088,0,0,-4.5,0.5,0,0,0
23117,0,0,-4.5,0.5,0,0,0
23152,0,0,-4.5,0.5,0,0,0
23166,0,0,-4.5,0.5,0,0,0
23198,0,0,-4.5,0.5,0,0,0
23212,0,0,-4.5,0.5,0,0,0
23253,0,0,-4.5,0.5,0,0,0
23269,0,0,-4.5,0.5,0,0,0
23294,0,0,-4.5,0.5,0,0,0
23313,0,0,-4.5,0.5,0,0,0
23334,0,0,-4.5,0.5,0,0,0
23354,0,0,-4.5,0.5,0,0,0
23377,0,0,-4.5,0.5,0,0,0
23417,0,0,-4.5,0.5,0,0,0
23433,0,0,-4.5,0.5,0,0,0
23454,0,0,-4.5,0.5,0,0,0
23476,0,0,-4.5,0.5,0,0,0
23509,0,0,-4.5,0.5,0,0,0
23526,0,0,-4.5,0.5,0,0,0
23554,0,0,-4.5,0.5,0,0,0
23577,0,0,-4.5,0.5,0,0,0
23616,0,0,-4.5,0.5,0,0,0
23634,0,0,-4.5,0.5,0,0,0
23661,0,0,-4.5,0.5,0,0,0
23686,0,0,-4.5,0.5,0,0,0
23702,0,0,-4.5,0.5,0,0,0
23724,0,0,-4.5,0.5,0,0,0
23755,0,0,-4.5,0.5,0,0,0
23777,0,0,-4.5,0.5,0,0,0
23806,0,0,-4.5,0.5,0,0,0
23858,0,0,-4.5,0.5,0,0,0
23879,0,0,-4.5,0.5,0,0,0
23895,0,0,-4.5,0.5,0,0,0
23916,0,0,-4.5,0.5,0,0,0
23966,0,0,-4.5,0.5,0,0,0
23991,0,0,-4.5,0.5,0,0,0
24018,0,0,-4.5,0.5,0,0,0
24035,0,0,-4.5,0.5,0,0,0
24061,0,0,-4.5,0.5,0,0,0
24081,0,0,-4.5,0.5,0,0,0
24104,0,0,-4.5,0.5,0,0,0
24144,0,0,-4.5,0.5,0,0,0
24175,0,0,-4.5,0.5,0,0,0
24212,0,0,-4.5,0.5,0,0,0
24292,0,0,-4.5,0.5,0,0,0
24313,0,0,-4.5,0.5,0,0,0
24339,0,0,-4.5,0.5,0,0,0
24365,0,0,-4.5,0.5,0,0,0
24391,0,0,-4.5,0.5,0,0,0
24416,0,0,-4.5,0.5,0,0,0
24436,0,0,-4.5,0.5,0,0,0
24454,0,0,-4.5,0.5,0,0,0
24472,0,0,-4.5,0.5,0,0,0
24501,0,0,-4.5,0.5,0,0,0
24518,0,0,-4.5,0.5,0,0,0
24534,0,0,-4.5,0.5,0,0,0
24565,0,0,-4.5,0.5,0,0,0
24579,0,0,-4.5,0.5,0,0,0
24606,0,0,-4.5,0.5,0,0,0
24623,0,0,-4.5,0.5,0,0,0
24638,0,0,-4.5,0.5,0,0,0
24673,0,0,-4.5,0.5,0,0,0
24689,0,0,-4.5,0.5,0,0,0
24708,0,0,-4.5,0.5,0,0,0
24733,0,0,-4.5,0.5,0,0,0
24759,0,0,-4.5,0.5,0,0,0
24790,0,0,-4.5,0.5,0,0,0
24825,0,0,-4.5,0.5,0,0,0
24852,0,0,-4.5,0.5,0,0,0
24878,0,0,-4.5,0.5,0,0,0
24904,0,0,-4.5,0.5,0,0,0
24930,0,0,-4.5,0.5,0,0,0
24942,0,0,-4.5,0.5,0,0,0
24975,0,0,-4.5,0.5,0,0,0
24987,0,0,-4.5,0.5,0,0,0
25015,0,0,-4.5,0.5,0,0,0
25042,0,0,-4.5,0.5,0,0,0
25056,0,0,-4.5,0.5,0,0,0
25082,0,0,-4.5,0.5,0,0,0
25105,0,0,-4.5,0.5,0,0,0
25120,0,0,-4.5,0.5,0,0,0
25146,0,0,-4.5,0.5,0,0,0
25168,0,0,-4.5,0.5,0,0,0
25184,0,0,-4.5,0.5,0,0,0
25216,0,0,-4.5,0.5,0,0,0
25235,0,0,-4.5,0.5,0,0,0
25270,0,0,-4.5,0.5,0,0,0
25303,0,0,-4.5,0.5,0,0,0
25321,0,0,-4.5,0.5,0,0,0
25350,0,0,-4.5,0.5,0,0,0
25387,0,0,-4.5,0.5,0,0,0
25413,0,0,-4.5,0.5,0,0,0
25432,0,0,-4.5,0.5,0,0,0
25470,0,0,-4.5,0.5,0,0,0
25485,0,0,-4.5,0.5,0,0,0
25518,0,0,-4.5,0.5,0,0,0
25532,0,0,-4.5,0.5,0,0,0
25552,0,0,-4.5,0.5,0,0,0
25595,0,0,-4.5,0.5,0,0,0
25614,0,0,-4.5,0.5,0,0,0
25643,0,0,-4.5,0.5,0,0,0
25663,0,0,-4.5,0.5,0,0,0
25683,0,0,-4.5,0.5,0,0,0
25716,0,0,-4.5,0.5,0,0,0
25733,0,0,-4.5,0.5,0,0,0
25760,0,0,-4.5,0.5,0,0,0
25784,0,0,-4.5,0.5,0,0,0
25798,0,0,-4.5,0.5,0,0,0
25832,0,0,-4.5,0.5,0,0,0
25851,0,0,-4.5,0.5,0,0,0
25867,0,0,-4.5,0.5,0,0,0
25904,0,0,-4.5,0.5,0,0,0
25922,0,0,-4.5,0.5,0,0,0
25948,0,0,-4.5,0.5,0,0,0
25967,0,0,-4.5,0.5,0,0,0
25994,0,0,-4.5,0.5,0,0,0
26030,0,0,-4.5,0.5,0,0,0
26050,0,0,-4.5,0.5,0,0,0
26069,0,0,-4.5,0.5,0,0,0
26094,0,0,-4.5,0.5,0,0,0
26113,0,0,-4.5,0.5,0,0,0
26132,0,0,-4.5,0.5,0,0,0
26169,0,0,-4.5,0.5,0,0,0
26194,0,0,-4.5,0.5,0,0,0
26220,0,0,-4.5,0.5,0,0,0
26245,0,0,-4.5,0.5,0,0,0
26270,0,0,-4.5,0.5,0,0,0
26289,0,0,-4.5,0.5,0,0,0
26321,0,0,-4.5,0.5,0,0,0
26342,0,0,-4.5,0.5,0,0,0
26356,0,0,-4.5,0.5,0,0,0
26392,0,0,-4.5,0.5,0,0,0
26409,0,0,-4.5,0.5,0,0,0
26499,0,0,-4.5,0.5,0,0,0
26518,0,0,-4.5,0.5,0,0,0
26538,0,0,-4.5,0.5,0,0,0
26557,0,0,-4.5,0.5,0,0,0
26605,0,0,-4.5,0.5,0,0,0
26645,0,0,-4.5,0.5,0,0,0
26659,0,0,-4.5,0.5,0,0,0
26675,0,0,-4.5,0.5,0,0,0
26705,0,0,-4.5,0.5,0,0,0
26717,0,0,-4.5,0.5,0,0,0
26739,0,0,-4.5,0.5,0,0,0
26761,0,0,-4.5,0.5,0,0,0
26775,0,0,-4.5,0.5,0,0,0
26803,0,0,-4.5,0.5,0,0,0
26821,0,0,-4.5,0.5,0,0,0
26842,0,0,-4.5,0.5,0,0,0
26867,0,0,-4.5,0.5,0,0,0
26913,0,0,-4.5,0.5,0,0,0
26943,0,0,-4.5,0.5,0,0,0
27031,0,0,-4.5,0.5,0,0,0
27057,0,0,-4.5,0.5,0,0,0
27087,0,0,-4.5,0.5,0,0,0
27105,0,0,-4.5,0.5,0,0,0
27139,0,0,-4.5,0.5,0,0,0
27163,0,0,-4.5,0.5,0,0,0
27206,0,0,-4.5,0.5,0,0,0
27219,0,0,-4.5,0.5,0,0,0
27256,0,0,-4.5,0.5,0,0,0
27271,0,0,-4.5,0.5,0,0,0
27302,0,0,-4.5,0.5,0,0,0
27359,0,0,-4.5,0.5,0,0,0
27382,0,0,-4.5,0.5,0,0,0
27400,0,0,-4.5,0.5,0,0,0
27429,0,0,-4.5,0.5,0,0,0
27470,0,0,-4.5,0.5,0,0,0
27524,0,0,-4.5,0.5,0,0,0
27553,0,0,-4.5,0.5,0,0,0
27568,0,0,-4.5,0.5,0,0,0
27588,0,0,-4.5,0.5,0,0,0
27619,0,0,-4.5,0.5,0,0,0
27642,0,0,-4.5,0.5,0,0,0
27665,0,0,-4.5,0.5,0,0,0
27709,0,0,-4.5,0.5,0,0,0
27727,0,0,-4.5,0.5,0,0,0
27760,0,0,-4.5,0.5,0,0,0
27774,0,0,-4.5,0.5,0,0,0
27796,0,0,-4.5,0.5,0,0,0
27820,0,0,-4.5,0.5,0,0,0
27834,0,0,-4.5,0.5,0,0,0
27856,0,0,-4.5,0.5,0,0,0
27881,0,0,-4.5,0.5,0,0,0
27895,0,0,-4.5,0.5,0,0,0
27950,0,0,-4.5,0.5,0,0,0
27967,0,0,-4.5,0.5,0,0,0
28003,0,0,-4.5,0.5,0,0,0
28027,0,0,-4.5,0.5,0,0,0
28075,0,0,-4.5,0.5,0,0,0
28091,0,0,-4.5,0.5,0,0,0
28123,0,0,-4.5,0.5,0,0,0
28138,0,0,-4.5,0.5,0,0,0
28163,0,0,-4.5,0.5,0,0,0
28184,0,0,-4.5,0.5,0,0,0
28201,0,0,-4.5,0.5,0,0,0
28233,0,0,-4.5,0.5,0,0,0
28265,0,0,-4.5,0.5,0,0,0
28287,0,0,-4.5,0.5,0,0,0
28316,0,0,-4.5,0.5,0,0,0
28330,0,0,-4.5,0.5,0,0,0
28345,0,0,-4.5,0.5,0,0,0
28376,0,0,-4.5,0.5,0,0,0
28392,0,0,-4.5,0.5,0,0,0
28405,0,0,-4.5,0.5,0,0,0
28433,0,0,-4.5,0.5,0,0,0
28453,0,0,-4.5,0.5,0,0,0
28480,0,0,-4.5,0.5,0,0,0
28498,0,0,-4.5,0.5,0,0,0
28518,0,0,-4.5,0.5,0,0,0
28539,0,0,-4.5,0.5,0,0,0
28566,0,0,-4.5,0.5,0,0,0
28609,0,0,-4.5,0.5,0,0,0
28632,0,0,-4.5,0.5,0,0,0
28650,0,0,-4.5,0.5,0,0,0
28686,0,0,-4.5,0.5,0,0,0
28704,0,0,-4.5,0.5,0,0,0
28730,0,0,-4.5,0.5,0,0,0
28748,0,0,-4.5,0.5,0,0,0
28770,0,0,-4.5,0.5,0,0,0
28794,0,0,-4.5,0.5,0,0,0
28813,0,0,-4.5,0.5,0,0,0
28838,0,0,-4.5,0.5,0,0,0
28859,0,0,-4.5,0.5,0,0,0
28875,0,0,-4.5,0.5,0,0,0
28897,0,0,-4.5,0.5,0,0,0
28915,0,0,-4.5,0.5,0,0,0
28928,0,0,-4.5,0.5,0,0,0
28950,0,0,-4.5,0.5,0,0,0
28979,0,0,-4.5,0.5,0,0,0
29028,0,0,-4.5,0.5,0,0,0
29047,0,0,-4.5,0.5,0,0,0
29080,0,0,-4.5,0.5,0,0,0
29101,0,0,-4.5,0.5,0,0,0
29140,0,0,-4.5,0.5,0,0,0
29161,0,0,-4.5,0.5,0,0,0
29196,0,0,-4.5,0.5,0,0,0
29213,0,0,-4.5,0.5,0,0,0
29235,0,0,-4.5,0.5,0,0,0
29259,0,0,-4.5,0.5,0,0,0
29284,0,0,-4.5,0.5,0,0,0
29308,0,0,-4.5,0.5,0,0,0
29330,0,0,-4.5,0.5,0,0,0
29347,0,0,-4.5,0.5,0,0,0
29375,0,0,-4.5,0.5,0,0,0
29408,0,0,-4.5,0.5,0,0,0
29421,0,0,-4.5,0.5,0,0,0
29451,0,0,-4.5,0.5,0,0,0
29515,0,0,-4.5,0.5,0,0,0
29537,0,0,-4.5,0.5,0,0,0
29561,0,0,-4.5,0.5,0,0,0
29579,0,0,-4.5,0.5,0,0,0
29607,0,0,-4.5,0.5,0,0,0
29635,0,0,-4.5,0.5,0,0,0
29654,0,0,-4.5,0.5,0,0,0
29670,0,0,-4.5,0.5,0,0,0
29708,0,0,-4.5,0.5,0,0,0
29731,0,0,-4.5,0.5,0,0,0
29751,0,0,-4.5,0.5,0,0,0
29768,0,0,-4.5,0.5,0,0,0
29796,0,0,-4.5,0.5,0,0,0
29823,0,0,-4.5,0.5,0,0,0
29855,0,0,-4.5,0.5,0,0,0
29884,0,0,-4.5,0.5,0,0,0
29910,0,0,-4.5,0.5,0,0,0
29934,0,0,-4.5,0.5,0,0,0
29986,0,0,-4.5,0.5,0,0,0
30003,0,0,-4.5,0.5,0,0,0
30023,0,0,-4.5,0.5,0,0,0
30061,0,0,-4.5,0.5,0,0,0
30080,0,0,-4.5,0.5,0,0,0
30121,0,0,-4.5,0.5,0,0,0
30140,0,0,-4.5,0.5,0,0,0
30157,0,0,-4.5,0.5,0,0,0
30201,0,0,-4.5,0.5,0,0,0
30247,0,0,-4.5,0.5,0,0,0
30266,0,0,-4.5,0.5,0,0,0
30282,0,0,-4.5,0.5,0,0,0
30311,0,0,-4.5,0.5,0,0,0
30331,0,0,-4.5,0.5,0,0,0
30345,0,0,-4.5,0.5,0,0,0
30372,0,0,-4.5,0.5,0,0,0
30396,0,0,-4.5,0.5,0,0,0
30418,0,0,-4.5,0.5,0,0,0
30434,0,0,-4.5,0.5,0,0,0
30453,0,0,-4.5,0.5,0,0,0
30485,0,0,-4.5,0.5,0,0,0
30510,0,0,-4.5,0.5,0,0,0
30532,0,0,-4.5,0.5,0,0,0
30572,0,0,-4.5,0.5,0,0,0
30592,0,0,-4.5,0.5,0,0,0
30617,0,0,-4.5,0.5,0,0,0
30644,0,0,-4.5,0.5,0,0,0
30658,0,0,-4.5,0.5,0,0,0
30680,0,0,-4.5,0.5,0,0,0
30702,0,0,-4.5,0.5,0,0,0
30725,0,0,-4.5,0.5,0,0,0
30757,0,0,-4.5,0.5,0,0,0
30791,0,0,-4.5,0.5,0,0,0
30842,0,0,-4.5,0.5,0,0,0
30866,0,0,-4.5,0.5,0,0,0
30885,0,0,-4.5,0.5,0,0,0
30924,0,0,-4.5,0.5,0,0,0
30942,0,0,-4.5,0.5,0,0,0
30962,0,0,-4.5,0.5,0,0,0
30990,0,0,-4.5,0.5,0,0,0
31007,0,0,-4.5,0.5,0,0,0
31076,0,0,-4.5,0.5,0,0,0
31115,0,0,-4.5,0.5,0,0,0
31132,0,0,-4.5,0.5,0,0,0
31155,0,0,-4.5,0.5,0,0,0
31187,0,0,-4.5,0.5,0,0,0
31213,0,0,-4.5,0.5,0,0,0
31284,0,0,-4.5,0.5,0,0,0
31306,0,0,-4.5,0.5,0,0,0
31339,0,0,-4.5,0.5,0,0,0
31357,0,0,-4.5,0.5,0,0,0
31382,0,0,-4.5,0.5,0,0,0
31405,0,0,-4.5,0.5,0,0,0
31428,0,0,-4.5,0.5,0,0,0
31451,0,0,-4.5,0.5,0,0,0
31480,0,0,-4.5,0.5,0,0,0
31497,0,0,-4.5,0.5,0,0,0
31540,0,0,-4.5,0.5,0,0,0
31556,0,0,-4.5,0.5,0,0,0
31579,0,0,-4.5,0.5,0,0,0
31607,0,0,-4.5,0.5,0,0,0
31622,0,0,-4.5,0.5,0,0,0
31664,0,0,-4.5,0.5,0,0,0
31679,0,0,-4.5,0.5,0,0,0
31701,0,0,-4.5,0.5,0,0,0
31742,0,0,-4.5,0.5,0,0,0
31759,0,0,-4.5,0.5,0,0,0
31790,0,0,-4.5,0.5,0,0,0
31841,0,0,-4.5,0.5,0,0,0
31866,0,0,-4.5,0.5,0,0,0
31903,0,0,-4.5,0.5,0,0,0
31919,0,0,-4.5,0.5,0,0,0
31958,0,0,-4.5,0.5,0,0,0
31976,0,0,-4.5,0.5,0,0,0
32013,0,0,-4.5,0.5,0,0,0
32029,0,0,-4.5,0.5,0,0,0
32054,0,0,-4.5,0.5,0,0,0
32085,0,0,-4.5,0.5,0,0,0
32107,0,0,-4.5,0.5,0,0,0
32127,0,0,-4.5,0.5,0,0,0
32167,0,0,-4.5,0.5,0,0,0
32190,0,0,-4.5,0.5,0,0,0
32215,0,0,-4.5,0.5,0,0,0
32247,0,0,-4.5,0.5,0,0,0
32281,0,0,-4.5,0.5,0,0,0
32292,0,0,-4.5,0.5,0,0,0
32327,0,0,-4.5,0.5,0,0,0
32379,0,0,-4.5,0.5,0,0,0
32395,0,0,-4.5,0.5,0,0,0
32421,0,0,-4.5,0.5,0,0,0
32442,0,0,-4.5,0.5,0,0,0
32463,0,0,-4.5,0.5,0,0,0
32485,0,0,-4.5,0.5,0,0,0
32520,0,0,-4.5,0.5,0,0,0
32538,0,0,-4.5,0.5,0,0,0
32578,0,0,-4.5,0.5,0,0,0
32603,0,0,-4.5,0.5,0,0,0
32638,0,0,-4.5,0.5,0,0,0
32651,0,0,-4.5,0.5,0,0,0
32679,0,0,-4.5,0.5,0,0,0
32717,0,0,-4.5,0.5,0,0,0
32740,0,0,-4.5,0.5,0,0,0
32770,0,0,-4.5,0.5,0,0,0
32813,0,0,-4.5,0.5,0,0,0
32834,0,0,-4.5,0.5,0,0,0
32866,0,0,-4.5,0.5,0,0,0
32882,0,0,-4.5,0.5,0,0,0
32904,0,0,-4.5,0.5,0,0,0
32934,0,0,-4.5,0.5,0,0,0
32949,0,0,-4.5,0.5,0,0,0
32973,0,0,-4.5,0.5,0,0,0
32995,0,0,-4.5,0.5,0,0,0
33009,0,0,-4.5,0.5,0,0,0
33036,0,0,-4.5,0.5,0,0,0
33063,0,0,-4.5,0.5,0,0,0
33120,0,0,-4.5,0.5,0,0,0
33138,0,0,-4.5,0.5,0,0,0
33180,0,0,-4.5,0.5,0,0,0
33197,0,0,-4.5,0.5,0,0,0
33223,0,0,-4.5,0.5,0,0,0
33248,0,0,-4.5,0.5,0,0,0
33273,0,0,-4.5,0.5,0,0,0
33298,0,0,-4.5,0.5,0,0,0
33314,0,0,-4.5,0.5,0,0,0
33355,0,0,-4.5,0.5,0,0,0
33379,0,0,-4.5,0.5,0,0,0
33421,0,0,-4.5,0.5,0,0,0
33451,0,0,-4.5,0.5,0,0,0
33476,0,0,-4.5,0.5,0,0,0
33492,0,0,-4.5,0.5,0,0,0
33550,0,0,-4.5,0.5,0,0,0
33564,0,0,-4.5,0.5,0,0,0
33595,0,0,-4.5,0.5,0,0,0
33610,0,0,-4.5,0.5,0,0,0
33632,0,0,-4.5,0.5,0,0,0
33661,0,0,-4.5,0.5,0,0,0
33681,0,0,-4.5,0.5,0,0,0
33712,0,0,-4.5,0.5,0,0,0
33730,0,0,-4.5,0.5,0,0,0
33757,0,0,-4.5,0.5,0,0,0
33781,0,0,-4.5,0.5,0,0,0
33810,0,0,-4.5,0.5,0,0,0
33840,0,0,-4.5,0.5,0,0,0
33880,0,0,-4.5,0.5,0,0,0
33916,0,0,-4.5,0.5,0,0,0
33977,0,0,-4.5,0.5,0,0,0
34003,0,0,-4.5,0.5,0,0,0
34028,0,0,-4.5,0.5,0,0,0
34046,0,0,-4.5,0.5,0,0,0
34066,0,0,-4.5,0.5,0,0,0
34090,0,0,-4.5,0.5,0,0,0
34107,0,0,-4.5,0.5,0,0,0
34136,0,0,-4.5,0.5,0,0,0
34159,0,0,-4.5,0.5,0,0,0
34172,0,0,-4.5,0.5,0,0,0
34196,0,0,-4.5,0.5,0,0,0
34213,0,0,-4.5,0.5,0,0,0
34232,0,0,-4.5,0.5,0,0,0
34265,0,0,-4.5,0.5,0,0,0
34278,0,0,-4.5,0.5,0,0,0
34364,0,0,-4.5,0.5,0,0,0
34391,0,0,-4.5,0.5,0,0,0
34411,0,0,-4.5,0.5,0,0,0
34469,0,0,-4.5,0.5,0,0,0
34495,0,0,-4.5,0.5,0,0,0
34524,0,0,-4.5,0.5,0,0,0
34608,0,0,-4.5,0.5,0,0,0
34629,0,0,-4.5,0.5,0,0,0
34667,0,0,-4.5,0.5,0,0,0
34688,0,0,-4.5,0.5,0,0,0
34721,0,0,-4.5,0.5,0,0,0
34748,0,0,-4.5,0.5,0,0,0
34772,0,0,-4.5,0.5,0,0,0
34808,0,0,-4.5,0.5,0,0,0
34829,0,0,-4.5,0.5,0,0,0
34849,0,0,-4.5,0.5,0,0,0
34894,0,0,-4.5,0.5,0,0,0
34924,0,0,-4.5,0.5,0,0,0
34947,0,0,-4.5,0.5,0,0,0
34972,0,0,-4.5,0.5,0,0,0
35006,0,0,-4.5,0.5,0,0,0
35038,0,0,-4.5,0.5,0,0,0
35059,0,0,-4.5,0.5,0,0,0
35080,0,0,-4.5,0.5,0,0,0
35101,0,0,-4.5,0.5,0,0,0
35132,0,0,-4.5,0.5,0,0,0
35165,0,0,-4.5,0.5,0,0,0
35186,0,0,-4.5,0.5,0,0,0
35216,0,0,-4.5,0.5,0,0,0
35260,0,0,-4.5,0.5,0,0,0
35288,0,0,-4.5,0.5,0,0,0
35314,0,0,-4.5,0.5,0,0,0
35342,0,0,-4.5,0.5,0,0,0
35376,0,0,-4.5,0.5,0,0,0
35401,0,0,-4.5,0.5,0,0,0
35451,0,0,-4.5,0.5,0,0,0
35475,0,0,-4.5,0.5,0,0,0
35507,0,0,-4.5,0.5,0,0,0
35530,0,0,-4.5,0.5,0,0,0
35586,0,0,-4.5,0.5,0,0,0
35611,0,0,-4.5,0.5,0,0,0
35662,0,0,-4.5,0.5,0,0,0
35697,0,0,-4.5,0.5,0,0,0
35712,0,0,-4.5,0.5,0,0,0
35743,0,0,-4.5,0.5,0,0,0
35778,0,0,-4.5,0.5,0,0,0
35807,0,0,-4.5,0.5,0,0,0
35842,0,0,-4.5,0.5,0,0,0
35896,0,0,-4.5,0.5,0,0,0
35922,0,0,-4.5,0.5,0,0,0
35938,0,0,-4.5,0.5,0,0,0
35983,0,0,-4.5,0.5,0,0,0
36022,0,0,-4.5,0.5,0,0,0
36058,0,0,-4.5,0.5,0,0,0
36088,0,0,-4.5,0.5,0,0,0
36118,0,0,-4.5,0.5,0,0,0
36143,0,0,-4.5,0.5,0,0,0
36171,0,0,-4.5,0.5,0,0,0
36211,0,0,-4.5,0.5,0,0,0
36244,0,0,-4.5,0.5,0,0,0
36274,0,0,-4.5,0.5,0,0,0
36312,0,0,-4.5,0.5,0,0,0
36341,0,0,-4.5,0.5,0,0,0
36370,0,0,-4.5,0.5,0,0,0
36430,0,0,-4.5,0.5,0,0,0
36447,0,0,-4.5,0.5,0,0,0
36493,0,0,-4.5,0.5,0,0,0
36518,0,0,-4.5,0.5,0,0,0
36548,0,0,-4.5,0.5,0,0,0
36566,0,0,-4.5,0.5,0,0,0
36605,0,0,-4.5,0.5,0,0,0
36624,0,0,-4.5,0.5,0,0,0
36641,0,0,-4.5,0.5,0,0,0
36675,0,0,-4.5,0.5,0,0,0
36692,0,0,-4.5,0.5,0,0,0
36728,0,0,-4.5,0.5,0,0,0
36744,0,0,-4.5,0.5,0,0,0
36781,0,0,-4.5,0.5,0,0,0
36802,0,0,-4.5,0.5,0,0,0
36823,0,0,-4.5,0.5,0,0,0
36868,0,0,-4.5,0.5,0,0,0
36898,0,0,-4.5,0.5,0,0,0
36911,0,0,-4.5,0.5,0,0,0
36936,0,0,-4.5,0.5,0,0,0
36989,0,0,-4.5,0.5,0,0,0
37010,0,0,-4.5,0.5,0,0,0
37047,0,0,-4.5,0.5,0,0,0
37072,0,0,-4.5,0.5,0,0,0
37101,0,0,-4.5,0.5,0,0,0
37135,0,0,-4.5,0.5,0,0,0
37187,0,0,-4.5,0.5,0,0,0
37208,0,0,-4.5,0.5,0,0,0
37236,0,0,-4.5,0.5,0,0,0
37255,0,0,-4.5,0.5,0,0,0
37287,0,0,-4.5,0.5,0,0,0
37304,0,0,-4.5,0.5,0,0,0
37324,0,0,-4.5,0.5,0,0,0
37344,0,0,-4.5,0.5,0,0,0
37364,0,0,-4.5,0.5,0,0,0
37394,0,0,-4.5,0.5,0,0,0
37411,0,0,-4.5,0.5,0,0,0
37437,0,0,-4.5,0.5,0,0,0
37467,0,0,-4.5,0.5,0,0,0
37481,0,0,-4.5,0.5,0,0,0
37513,0,0,-4.5,0.5,0,0,0
37530,0,0,-4.5,0.5,0,0,0
37542,0,0,-4.5,0.5,0,0,0
37581,0,0,-4.5,0.5,0,0,0
37602,0,0,-4.5,0.5,0,0,0
37644,0,0,-4.5,0.5,0,0,0
37664,0,0,-4.5,0.5,0,0,0
37712,0,0,-4.5,0.5,0,0,0
37775,0,0,-4.5,0.5,0,0,0
37792,0,0,-4.5,0.5,0,0,0
37825,0,0,-4.5,0.5,0,0,0
37843,0,0,-4.5,0.5,0,0,0
37879,0,0,-4.5,0.5,0,0,0
37921,0,0,-4.5,0.5,0,0,0
37970,0,0,-4.5,0.5,0,0,0
37998,0,0,-4.5,0.5,0,0,0
38012,0,0,-4.5,0.5,0,0,0
38036,0,0,-4.5,0.5,0,0,0
38056,0,0,-4.5,0.5,0,0,0
38072,0,0,-4.5,0.5,0,0,0
38106,0,0,-4.5,0.5,0,0,0
38128,0,0,-4.5,0.5,0,0,0
38156,0,0,-4.5,0.5,0,0,0
38182,0,0,-4.5,0.5,0,0,0
38221,0,0,-4.5,0.5,0,0,0
38240,0,0,-4.5,0.5,0,0,0
38273,0,0,-4.5,0.5,0,0,0
38291,0,0,-4.5,0.5,0,0,0
38327,0,0,-4.5,0.5,0,0,0
38348,0,0,-4.5,0.5,0,0,0
38371,0,0,-4.5,0.5,0,0,0
38396,0,0,-4.5,0.5,0,0,0
38417,0,0,-4.5,0.5,0,0,0
38443,0,0,-4.5,0.5,0,0,0
38483,0,0,-4.5,0.5,0,0,0
38504,0,0,-4.5,0.5,0,0,0
38527,0,0,-4.5,0.5,0,0,0
38547,0,0,-4.5,0.5,0,0,0
38585,0,0,-4.5,0.5,0,0,0
38672,0,0,-4.5,0.5,0,0,0
38695,0,0,-4.5,0.5,0,0,0
38716,0,0,-4.5,0.5,0,0,0
38761,0,0,-4.5,0.5,0,0,0
38793,0,0,-4.5,0.5,0,0,0
38818,0,0,-4.5,0.5,0,0,0
38850,0,0,-4.5,0.5,0,0,0
38885,0,0,-4.5,0.5,0,0,0
38914,0,0,-4.5,0.5,0,0,0
38938,0,0,-4.5,0.5,0,0,0
38959,0,0,-4.5,0.5,0,0,0
38982,0,0,-4.5,0.5,0,0,0
39000,0,0,-4.5,0.5,0,0,0
39028,0,0,-4.5,0.5,0,0,0
39052,0,0,-4.5,0.5,0,0,0
39072,0,0,-4.5,0.5,0,0,0
39097,0,0,-4.5,0.5,0,0,0
39120,0,0,-4.5,0.5,0,0,0
39164,0,0,-4.5,0.5,0,0,0
39194,0,0,-4.5,0.5,0,0,0
39266,0,0,-4.5,0.5,0,0,0
39292,0,0,-4.5,0.5,0,0,0
39360,0,0,-4.5,0.5,0,0,0
39384,0,0,-4.5,0.5,0,0,0
39401,0,0,-4.5,0.5,0,0,0
39425,0,0,-4.5,0.5,0,0,0
39450,0,0,-4.5,0.5,0,0,0
39494,0,0,-4.5,0.5,0,0,0
39518,0,0,-4.5,0.5,0,0,0
39542,0,0,-4.5,0.5,0,0,0
39574,0,0,-4.5,0.5,0,0,0
39596,0,0,-4.5,0.5,0,0,0
39618,0,0,-4.5,0.5,0,0,0
39650,0,0,-4.5,0.5,0,0,0
39682,0,0,-4.5,0.5,0,0,0
39713,0,0,-4.5,0.5,0,0,0
39738,0,0,-4.5,0.5,0,0,0
39759,0,0,-4.5,0.5,0,0,0
39780,0,0,-4.5,0.5,0,0,0
39824,0,0,-4.5,0.5,0,0,0
39842,0,0,-4.5,0.5,0,0,0
39866,0,0,-4.5,0.5,0,0,0
39888,0,0,-4.5,0.5,0,0,0
39917,0,0,-4.5,0.5,0,0,0
39939,0,0,-4.5,0.5,0,0,0
39960,0,0,-4.5,0.5,0,0,0
39990,0,0,-4.5,0.5,0,0,0
40009,0,0,-4.5,0.5,0,0,0
40043,0,0,-4.5,0.5,0,0,0
40063,0,0,-4.5,0.5,0,0,0
40106,0,0,-4.5,0.5,0,0,0
40159,0,0,-4.5,0.5,0,0,0
40183,0,0,-4.5,0.5,0,0,0
40296,0,0,-4.5,0.5,0,0,0
40323,0,0,-4.5,0.5,0,0,0
40348,0,0,-4.5,0.5,0,0,0
40372,0,0,-4.5,0.5,0,0,0
40402,0,0,-4.5,0.5,0,0,0
40417,0,0,-4.5,0.5,0,0,0
40443,0,0,-4.5,0.5,0,0,0
40464,0,0,-4.5,0.5,0,0,0
40491,0,0,-4.5,0.5,0,0,0
40526,0,0,-4.5,0.5,0,0,0
40588,0,0,-4.5,0.5,0,0,0
40654,0,0,-4.5,0.5,0,0,0
40697,0,0,-4.5,0.5,0,0,0
40766,0,0,-4.5,0.5,0,0,0
40786,0,0,-4.5,0.5,0,0,0
40811,0,0,-4.5,0.5,0,0,0
40826,0,0,-4.5,0.5,0,0,0
40846,0,0,-4.5,0.5,0,0,0
40869,0,0,-4.5,0.5,0,0,0
40898,0,0,-4.5,0.5,0,0,0
40931,0,0,-4.5,0.5,0,0,0
40946,0,0,-4.5,0.5,0,0,0
40979,0,0,-4.5,0.5,0,0,0
40995,0,0,-4.5,0.5,0,0,0
41028,0,0,-4.5,0.5,0,0,0
41044,0,0,-4.5,0.5,0,0,0
41068,0,0,-4.5,0.5,0,0,0
41089,0,0,-4.5,0.5,0,0,0
41131,0,0,-4.5,0.5,0,0,0
41186,0,0,-4.5,0.5,0,0,0
41207,0,0,-4.5,0.5,0,0,0
41233,0,0,-4.5,0.5,0,0,0
41256,0,0,-4.5,0.5,0,0,0
41279,0,0,-4.5,0.5,0,0,0
41306,0,0,-4.5,0.5,0,0,0
41379,0,0,-4.5,0.5,0,0,0
41416,0,0,-4.5,0.5,0,0,0
41444,0,0,-4.5,0.5,0,0,0
41468,0,0,-4.5,0.5,0,0,0
41484,0,0,-4.5,0.5,0,0,0
41526,0,0,-4.5,0.5,0,0,0
41562,0,0,-4.5,0.5,0,0,0
41595,0,0,-4.5,0.5,0,0,0
41621,0,0,-4.5,0.5,0,0,0
41650,0,0,-4.5,0.5,0,0,0
41672,0,0,-4.5,0.5,0,0,0
41696,0,0,-4.5,0.5,0,0,0
41723,0,0,-4.5,0.5,0,0,0
41744,0,0,-4.5,0.5,0,0,0
41786,0,0,-4.5,0.5,0,0,0
41803,0,0,-4.5,0.5,0,0,0
41825,0,0,-4.5,0.5,0,0,0
41854,0,0,-4.5,0.5,0,0,0
41870,0,0,-4.5,0.5,0,0,0
41895,0,0,-4.5,0.5,0,0,0
41964,0,0,-4.5,0.5,0,0,0
41985,0,0,-4.5,0.5,0,0,0
42025,0,0,-4.5,0.5,0,0,0
42052,0,0,-4.5,0.5,0,0,0
42089,0,0,-4.5,0.5,0,0,0
42149,0,0,-4.5,0.5,0,0,0
42167,0,0,-4.5,0.5,0,0,0
42201,0,0,-4.5,0.5,0,0,0
42218,0,0,-4.5,0.5,0,0,0
42257,0,0,-4.5,0.5,0,0,0
42302,0,0,-4.5,0.5,0,0,0
42318,0,0,-4.5,0.5,0,0,0
42349,0,0,-4.5,0.5,0,0,0
42371,0,0,-4.5,0.5,0,0,0
42404,0,0,-4.5,0.5,0,0,0
42422,0,0,-4.5,0.5,0,0,0
42444,0,0,-4.5,0.5,0,0,0
42476,0,0,-4.5,0.5,0,0,0
42506,0,0,-4.5,0.5,0,0,0
42547,0,0,-4.5,0.5,0,0,0
42583,0,0,-4.5,0.5,0,0,0
42620,0,0,-4.5,0.5,0,0,0
42658,0,0,-4.5,0.5,0,0,0
42689,0,0,-4.5,0.5,0,0,0
42715,0,0,-4.5,0.5,0,0,0
42735,0,0,-4.5,0.5,0,0,0
42775,0,0,-4.5,0.5,0,0,0
42836,0,0,-4.5,0.5,0,0,0
42904,0,0,-4.5,0.5,0,0,0
42926,0,0,-4.5,0.5,0,0,0
42950,0,0,-4.5,0.5,0,0,0
42969,0,0,-4.5,0.5,0,0,0
43000,0,0,-4.5,0.5,0,0,0
43050,0,0,-4.5,0.5,0,0,0
43067,0,0,-4.5,0.5,0,0,0
43089,0,0,-4.5,0.5,0,0,0
43136,0,0,-4.5,0.5,0,0,0
43182,0,0,-4.5,0.5,0,0,0
43203,0,0,-4.5,0.5,0,0,0
43232,0,0,-4.5,0.5,0,0,0
43246,0,0,-4.5,0.5,0,0,0
43276,0,0,-4.5,0.5,0,0,0
43313,0,0,-4.5,0.5,0,0,0
43338,0,0,-4.5,0.5,0,0,0
43374,0,0,-4.5,0.5,0,0,0
43396,0,0,-4.5,0.5,0,0,0
43437,0,0,-4.5,0.5,0,0,0
43461,0,0,-4.5,0.5,0,0,0
43495,0,0,-4.5,0.5,0,0,0
43511,0,0,-4.5,0.5,0,0,0
43586,0,0,-4.5,0.5,0,0,0
43615,0,0,-4.5,0.5,0,0,0
43638,0,0,-4.5,0.5,0,0,0
43709,0,0,-4.5,0.5,0,0,0
43748,0,0,-4.5,0.5,0,0,0
43776,0,0,-4.5,0.5,0,0,0
43792,0,0,-4.5,0.5,0,0,0
43820,0,0,-4.5,0.5,0,0,0
43872,0,0,-4.5,0.5,0,0,0
43946,0,0,-4.5,0.5,0,0,0
43965,0,0,-4.5,0.5,0,0,0
43985,0,0,-4.5,0.5,0,0,0
44016,0,0,-4.5,0.5,0,0,0
44032,0,0,-4.5,0.5,0,0,0
44068,0,0,-4.5,0.5,0,0,0
44087,0,0,-4.5,0.5,0,0,0
44165,0,0,-4.5,0.5,0,0,0
44188,0,0,-4.5,0.5,0,0,0
44218,0,0,-4.5,0.5,0,0,0
44260,0,0,-4.5,0.5,0,0,0
44297,0,0,-4.5,0.5,0,0,0
44312,0,0,-4.5,0.5,0,0,0
44350,0,0,-4.5,0.5,0,0,0
44367,0,0,-4.5,0.5,0,0,0
44393,0,0,-4.5,0.5,0,0,0
44410,0,0,-4.5,0.5,0,0,0
44452,0,0,-4.5,0.5,0,0,0
44473,0,0,-4.5,0.5,0,0,0
44506,0,0,-4.5,0.5,0,0,0
44526,0,0,-4.5,0.5,0,0,0
44600,0,0,-4.5,0.5,0,0,0
44620,0,0,-4.5,0.5,0,0,0
44641,0,0,-4.5,0.5,0,0,0
44678,0,0,-4.5,0.5,0,0,0
44696,0,0,-4.5,0.5,0,0,0
44736,0,0,-4.5,0.5,0,0,0
44755,0,0,-4.5,0.5,0,0,0
44790,0,0,-4.5,0.5,0,0,0
44807,0,0,-4.5,0.5,0,0,0
45055,0,0,-4.5,0.5,0,0,0
45090,0,0,-4.5,0.5,0,0,0
45124,0,0,-4.5,0.5,0,0,0
45143,0,0,-4.5,0.5,0,0,0
45167,0,0,-4.5,0.5,0,0,0
45191,0,0,-4.5,0.5,0,0,0
45213,0,0,-4.5,0.5,0,0,0
45246,0,0,-4.5,0.5,0,0,0
45266,0,0,-4.5,0.5,0,0,0
45304,0,0,-4.5,0.5,0,0,0
45337,0,0,-4.5,0.5,0,0,0
45356,0,0,-4.5,0.5,0,0,0
45373,0,0,-4.5,0.5,0,0,0
45412,0,0,-4.5,0.5,0,0,0
45430,0,0,-4.5,0.5,0,0,0
45495,0,0,-4.5,0.5,0,0,0
45539,0,0,-4.5,0.5,0,0,0
45593,0,0,-4.5,0.5,0,0,0
45646,0,0,-4.5,0.5,0,0,0
45676,0,0,-4.5,0.5,0,0,0
45702,0,0,-4.5,0.5,0,0,0
45728,0,0,-4.5,0.5,0,0,0
45754,0,0,-4.5,0.5,0,0,0
45780,0,0,-4.5,0.5,0,0,0
45816,0,0,-4.5,0.5,0,0,0
45855,0,0,-4.5,0.5,0,0,0
45892,0,0,-4.5,0.5,0,0,0
45943,0,0,-4.5,0.5,0,0,0
45969,0,0,-4.5,0.5,0,0,0
45991,0,0,-4.5,0.5,0,0,0
46032,0,0,-4.5,0.5,0,0,0
46059,0,0,-4.5,0.5,0,0,0
46085,0,0,-4.5,0.5,0,0,0
46104,0,0,-4.5,0.5,0,0,0
46139,0,0,-4.5,0.5,0,0,0
46157,0,0,-4.5,0.5,0,0,0
46189,0,0,-4.5,0.5,0,0,0
46234,0,0,-4.5,0.5,0,0,0
46255,0,0,-4.5,0.5,0,0,0
46321,0,0,-4.5,0.5,0,0,0
46336,0,0,-4.5,0.5,0,0,0
46382,0,0,-4.5,0.5,0,0,0
46407,0,0,-4.5,0.5,0,0,0
46438,0,0,-4.5,0.5,0,0,0
46458,0,0,-4.5,0.5,0,0,0
46508,0,0,-4.5,0.5,0,0,0
46547,0,0,-4.5,0.5,0,0,0
46607,0,0,-4.5,0.5,0,0,0
46623,0,0,-4.5,0.5,0,0,0
46655,0,0,-4.5,0.5,0,0,0
46671,0,0,-4.5,0.5,0,0,0
46701,0,0,-4.5,0.5,0,0,0
46724,0,0,-4.5,0.5,0,0,0
46755,0,0,-4.5,0.5,0,0,0
46774,0,0,-4.5,0.5,0,0,0
46812,0,0,-4.5,0.5,0,0,0
46835,0,0,-4.5,0.5,0,0,0
46875,0,0,-4.5,0.5,0,0,0
46913,0,0,-4.5,0.5,0,0,0
46941,0,0,-4.5,0.5,0,0,0
47001,0,0,-4.5,0.5,0,0,0
47028,0,0,-4.5,0.5,0,0,0
47059,0,0,-4.5,0.5,0,0,0
47086,0,0,-4.5,0.5,0,0,0
47105,0,0,-4.5,0.5,0,0,0
47133,0,0,-4.5,0.5,0,0,0
47176,0,0,-4.5,0.5,0,0,0
47194,0,0,-4.5,0.5,0,0,0
47221,0,0,-4.5,0.5,0,0,0
47242,0,0,-4.5,0.5,0,0,0
47273,0,0,-4.5,0.5,0,0,0
47295,0,0,-4.5,0.5,0,0,0
47318,0,0,-4.5,0.5,0,0,0
47347,0,0,-4.5,0.5,0,0,0
47401,0,0,-4.5,0.5,0,0,0
47421,0,0,-4.5,0.5,0,0,0
47453,0,0,-4.5,0.5,0,0,0
47482,0,0,-4.5,0.5,0,0,0
47507,0,0,-4.5,0.5,0,0,0
47528,0,0,-4.5,0.5,0,0,0
47552,0,0,-4.5,0.5,0,0,0
47576,0,0,-4.5,0.5,0,0,0
47591,0,0,-4.5,0.5,0,0,0
47622,0,0,-4.5,0.5,0,0,0
47644,0,0,-4.5,0.5,0,0,0
47672,0,0,-4.5,0.5,0,0,0
47688,0,0,-4.5,0.5,0,0,0
47715,0,0,-4.5,0.5,0,0,0
47731,0,0,-4.5,0.5,0,0,0
47754,0,0,-4.5,0.5,0,0,0
47778,0,0,-4.5,0.5,0,0,0
47805,0,0,-4.5,0.5,0,0,0
47839,0,0,-4.5,0.5,0,0,0
47861,0,0,-4.5,0.5,0,0,0
47875,0,0,-4.5,0.5,0,0,0
47905,0,0,-4.5,0.5,0,0,0
47935,0,0,-4.5,0.5,0,0,0
47954,0,0,-4.5,0.5,0,0,0
48006,0,0,-4.5,0.5,0,0,0
48027,0,0,-4.5,0.5,0,0,0
48049,0,0,-4.5,0.5,0,0,0
48064,0,0,-4.5,0.5,0,0,0
48090,0,0,-4.5,0.5,0,0,0
48105,0,0,-4.5,0.5,0,0,0
48130,0,0,-4.5,0.5,0,0,0
48168,0,0,-4.5,0.5,0,0,0
48203,0,0,-4.5,0.5,0,0,0
48230,0,0,-4.5,0.5,0,0,0
48244,0,0,-4.5,0.5,0,0,0
48267,0,0,-4.5,0.5,0,0,0
48289,0,0,-4.5,0.5,0,0,0
48312,0,0,-4.5,0.5,0,0,0
48330,0,0,-4.5,0.5,0,0,0
48347,0,0,-4.5,0.5,0,0,0
48371,0,0,-4.5,0.5,0,0,0
48387,0,0,-4.5,0.5,0,0,0
48419,0,0,-4.5,0.5,0,0,0
48449,0,0,-4.5,0.5,0,0,0
48468,0,0,-4.5,0.5,0,0,0
48482,0,0,-4.5,0.5,0,0,0
48511,0,0,-4.5,0.5,0,0,0
48592,0,0,-4.5,0.5,0,0,0
48612,0,0,-4.5,0.5,0,0,0
48628,0,0,-4.5,0.5,0,0,0
48650,0,0,-4.5,0.5,0,0,0
48666,0,0,-4.5,0.5,0,0,0
48688,0,0,-4.5,0.5,0,0,0
48717,0,0,-4.5,0.5,0,0,0
48743,0,0,-4.5,0.5,0,0,0
48767,0,0,-4.5,0.5,0,0,0
48787,0,0,-4.5,0.5,0,0,0
48807,0,0,-4.5,0.5,0,0,0
48824,0,0,-4.5,0.5,0,0,0
48847,0,0,-4.5,0.5,0,0,0
48863,0,0,-4.5,0.5,0,0,0
48882,0,0,-4.5,0.5,0,0,0
48906,0,0,-4.5,0.5,0,0,0
48923,0,0,-4.5,0.5,0,0,0
48948,0,0,-4.5,0.5,0,0,0
48965,0,0,-4.5,0.5,0,0,0
48990,0,0,-4.5,0.5,0,0,0
49006,0,0,-4.5,0.5,0,0,0
49025,0,0,-4.5,0.5,0,0,0
49045,0,0,-4.5,0.5,0,0,0
49065,0,0,-4.5,0.5,0,0,0
49102,0,0,-4.5,0.5,0,0,0
49127,0,0,-4.5,0.5,0,0,0
49147,0,0,-4.5,0.5,0,0,0
49168,0,0,-4.5,0.5,0,0,0
49188,0,0,-4.5,0.5,0,0,0
49214,0,0,-4.5,0.5,0,0,0
49244,0,0,-4.5,0.5,0,0,0
49270,0,0,-4.5,0.5,0,0,0
49289,0,0,-4.5,0.5,0,0,0
49313,0,0,-4.5,0.5,0,0,0
49334,0,0,-4.5,0.5,0,0,0
49360,0,0,-4.5,0.5,0,0,0
49381,0,0,-4.5,0.5,0,0,0
49406,0,0,-4.5,0.5,0,0,0
49425,0,0,-4.5,0.5,0,0,0
49450,0,0,-4.5,0.5,0,0,0
49471,0,0,-4.5,0.5,0,0,0
49488,0,0,-4.5,0.5,0,0,0
49514,0,0,-4.5,0.5,0,0,0
49531,0,0,-4.5,0.5,0,0,0
49555,0,0,-4.5,0.5,0,0,0
49572,0,0,-4.5,0.5,0,0,0
49611,0,0,-4.5,0.5,0,0,0
49637,0,0,-4.5,0.5,0,0,0
49660,0,0,-4.5,0.5,0,0,0
49678,0,0,-4.5,0.5,0,0,0
49713,0,0,-4.5,0.5,0,0,0
49741,0,0,-4.5,0.5,0,0,0
49756,0,0,-4.5,0.5,0,0,0
49789,0,0,-4.5,0.5,0,0,0
49807,0,0,-4.5,0.5,0,0,0
49872,0,0,-4.5,0.5,0,0,0
49899,0,0,-4.5,0.5,0,0,0
49934,0,0,-4.5,0.5,0,0,0
49959,0,0,-4.5,0.5,0,0,0
